[{"model": "admin.logentry", "pk": 1, "fields": {"action_time": "2022-01-04T17:06:19.614Z", "user": 1, "content_type": 7, "object_id": "1", "object_repr": "FOTOOBOY VE FRESKA", "action_flag": 1, "change_message": "[{\"added\": {}}]"}}, {"model": "admin.logentry", "pk": 2, "fields": {"action_time": "2022-01-04T17:06:49.186Z", "user": 1, "content_type": 7, "object_id": "2", "object_repr": "TABLO VƏ ÇƏRÇİVƏLİ ŞƏKİLLƏR", "action_flag": 1, "change_message": "[{\"added\": {}}]"}}, {"model": "admin.logentry", "pk": 3, "fields": {"action_time": "2022-01-04T17:07:14.255Z", "user": 1, "content_type": 7, "object_id": "3", "object_repr": "ÖZ ŞƏKİLİNİZ İLƏ TABLO", "action_flag": 1, "change_message": "[{\"added\": {}}]"}}, {"model": "admin.logentry", "pk": 4, "fields": {"action_time": "2022-01-04T17:08:07.172Z", "user": 1, "content_type": 7, "object_id": "4", "object_repr": "SKİNALİ", "action_flag": 1, "change_message": "[{\"added\": {}}]"}}, {"model": "admin.logentry", "pk": 5, "fields": {"action_time": "2022-01-04T17:08:15.750Z", "user": 1, "content_type": 7, "object_id": "5", "object_repr": "EV ÜÇÜN DEKOR", "action_flag": 1, "change_message": "[{\"added\": {}}]"}}, {"model": "admin.logentry", "pk": 6, "fields": {"action_time": "2022-01-04T17:08:23.564Z", "user": 1, "content_type": 7, "object_id": "6", "object_repr": "EXCLUSİVE ƏL İŞLƏRİ", "action_flag": 1, "change_message": "[{\"added\": {}}]"}}, {"model": "admin.logentry", "pk": 7, "fields": {"action_time": "2022-01-04T17:13:34.145Z", "user": 1, "content_type": 7, "object_id": "1", "object_repr": "FOTOOBOY VE FRESKA", "action_flag": 2, "change_message": "[{\"changed\": {\"fields\": [\"Icon class\"]}}]"}}, {"model": "admin.logentry", "pk": 8, "fields": {"action_time": "2022-01-04T17:13:53.140Z", "user": 1, "content_type": 7, "object_id": "1", "object_repr": "FOTOOBOY VE FRESKA", "action_flag": 2, "change_message": "[{\"changed\": {\"fields\": [\"Icon class\"]}}]"}}, {"model": "admin.logentry", "pk": 9, "fields": {"action_time": "2022-01-04T17:14:05.153Z", "user": 1, "content_type": 7, "object_id": "2", "object_repr": "TABLO VƏ ÇƏRÇİVƏLİ ŞƏKİLLƏR", "action_flag": 2, "change_message": "[{\"changed\": {\"fields\": [\"Icon class\"]}}]"}}, {"model": "admin.logentry", "pk": 10, "fields": {"action_time": "2022-01-04T17:14:18.797Z", "user": 1, "content_type": 7, "object_id": "3", "object_repr": "ÖZ ŞƏKİLİNİZ İLƏ TABLO", "action_flag": 2, "change_message": "[{\"changed\": {\"fields\": [\"Icon class\"]}}]"}}, {"model": "admin.logentry", "pk": 11, "fields": {"action_time": "2022-01-04T17:14:28.864Z", "user": 1, "content_type": 7, "object_id": "3", "object_repr": "ÖZ ŞƏKİLİNİZ İLƏ TABLO", "action_flag": 2, "change_message": "[]"}}, {"model": "admin.logentry", "pk": 12, "fields": {"action_time": "2022-01-04T17:14:32.387Z", "user": 1, "content_type": 7, "object_id": "4", "object_repr": "SKİNALİ", "action_flag": 2, "change_message": "[{\"changed\": {\"fields\": [\"Icon class\"]}}]"}}, {"model": "admin.logentry", "pk": 13, "fields": {"action_time": "2022-01-04T17:14:53.610Z", "user": 1, "content_type": 7, "object_id": "5", "object_repr": "EV ÜÇÜN DEKOR", "action_flag": 2, "change_message": "[{\"changed\": {\"fields\": [\"Icon class\"]}}]"}}, {"model": "admin.logentry", "pk": 14, "fields": {"action_time": "2022-01-04T17:15:05.271Z", "user": 1, "content_type": 7, "object_id": "6", "object_repr": "EXCLUSİVE ƏL İŞLƏRİ", "action_flag": 2, "change_message": "[{\"changed\": {\"fields\": [\"Icon class\"]}}]"}}, {"model": "admin.logentry", "pk": 15, "fields": {"action_time": "2022-01-04T17:19:18.259Z", "user": 1, "content_type": 7, "object_id": "2", "object_repr": "TABLO VƏ ÇƏRÇİVƏLƏR", "action_flag": 2, "change_message": "[{\"changed\": {\"fields\": [\"Name\"]}}]"}}, {"model": "admin.logentry", "pk": 16, "fields": {"action_time": "2022-01-04T19:23:57.739Z", "user": 1, "content_type": 11, "object_id": "1", "object_repr": "Города", "action_flag": 1, "change_message": "[{\"added\": {}}, {\"added\": {\"name\": \"sub sub category\", \"object\": \"Main\"}}]"}}, {"model": "admin.logentry", "pk": 17, "fields": {"action_time": "2022-01-04T19:33:18.021Z", "user": 1, "content_type": 11, "object_id": "2", "object_repr": "Эксклюзивные", "action_flag": 1, "change_message": "[{\"added\": {}}, {\"added\": {\"name\": \"sub sub category\", \"object\": \"Main\"}}]"}}, {"model": "admin.logentry", "pk": 18, "fields": {"action_time": "2022-01-07T20:01:01.325Z", "user": 1, "content_type": 11, "object_id": "2", "object_repr": "Эксклюзивные", "action_flag": 2, "change_message": "[{\"changed\": {\"fields\": [\"Is featured\"]}}]"}}, {"model": "admin.logentry", "pk": 19, "fields": {"action_time": "2022-01-07T20:01:15.368Z", "user": 1, "content_type": 11, "object_id": "1", "object_repr": "Города", "action_flag": 2, "change_message": "[]"}}, {"model": "admin.logentry", "pk": 20, "fields": {"action_time": "2022-01-07T20:06:38.141Z", "user": 1, "content_type": 11, "object_id": "3", "object_repr": "Детские", "action_flag": 1, "change_message": "[{\"added\": {}}, {\"added\": {\"name\": \"sub sub category\", \"object\": \"Main\"}}]"}}, {"model": "admin.logentry", "pk": 21, "fields": {"action_time": "2022-01-07T20:07:44.916Z", "user": 1, "content_type": 11, "object_id": "4", "object_repr": "Окна, балконы, террасы", "action_flag": 1, "change_message": "[{\"added\": {}}, {\"added\": {\"name\": \"sub sub category\", \"object\": \"Main\"}}]"}}, {"model": "admin.logentry", "pk": 22, "fields": {"action_time": "2022-01-07T20:08:17.223Z", "user": 1, "content_type": 11, "object_id": "5", "object_repr": "Цветы и листья", "action_flag": 1, "change_message": "[{\"added\": {}}, {\"added\": {\"name\": \"sub sub category\", \"object\": \"Main\"}}]"}}, {"model": "admin.logentry", "pk": 23, "fields": {"action_time": "2022-01-07T20:08:44.252Z", "user": 1, "content_type": 11, "object_id": "6", "object_repr": "Морские", "action_flag": 1, "change_message": "[{\"added\": {}}, {\"added\": {\"name\": \"sub sub category\", \"object\": \"Main\"}}]"}}, {"model": "admin.logentry", "pk": 24, "fields": {"action_time": "2022-01-07T20:09:00.185Z", "user": 1, "content_type": 11, "object_id": "6", "object_repr": "Морские", "action_flag": 2, "change_message": "[{\"changed\": {\"fields\": [\"Is featured\"]}}]"}}, {"model": "admin.logentry", "pk": 25, "fields": {"action_time": "2022-01-07T20:09:03.029Z", "user": 1, "content_type": 11, "object_id": "5", "object_repr": "Цветы и листья", "action_flag": 2, "change_message": "[{\"changed\": {\"fields\": [\"Is featured\"]}}]"}}, {"model": "admin.logentry", "pk": 26, "fields": {"action_time": "2022-01-07T20:09:06.030Z", "user": 1, "content_type": 11, "object_id": "4", "object_repr": "Окна, балконы, террасы", "action_flag": 2, "change_message": "[{\"changed\": {\"fields\": [\"Is featured\"]}}]"}}, {"model": "admin.logentry", "pk": 27, "fields": {"action_time": "2022-01-07T20:09:08.836Z", "user": 1, "content_type": 11, "object_id": "3", "object_repr": "Детские", "action_flag": 2, "change_message": "[{\"changed\": {\"fields\": [\"Is featured\"]}}]"}}, {"model": "admin.logentry", "pk": 28, "fields": {"action_time": "2022-01-07T20:13:31.339Z", "user": 1, "content_type": 14, "object_id": "1", "object_repr": "General Informations", "action_flag": 1, "change_message": "[{\"added\": {}}]"}}, {"model": "admin.logentry", "pk": 29, "fields": {"action_time": "2022-01-07T20:16:51.190Z", "user": 1, "content_type": 14, "object_id": "1", "object_repr": "General Informations", "action_flag": 2, "change_message": "[{\"changed\": {\"fields\": [\"Main image url\"]}}]"}}, {"model": "admin.logentry", "pk": 30, "fields": {"action_time": "2022-01-07T20:20:32.899Z", "user": 1, "content_type": 9, "object_id": "1", "object_repr": "Фотообои \"Тайга и птицы\"", "action_flag": 1, "change_message": "[{\"added\": {}}, {\"added\": {\"name\": \"product image\", \"object\": \"ProductImage object (1)\"}}]"}}, {"model": "admin.logentry", "pk": 31, "fields": {"action_time": "2022-01-07T20:22:03.226Z", "user": 1, "content_type": 9, "object_id": "2", "object_repr": "Фотообои \"Цветы акварель\"", "action_flag": 1, "change_message": "[{\"added\": {}}, {\"added\": {\"name\": \"product image\", \"object\": \"ProductImage object (2)\"}}]"}}, {"model": "admin.logentry", "pk": 32, "fields": {"action_time": "2022-01-07T20:22:32.441Z", "user": 1, "content_type": 9, "object_id": "3", "object_repr": "Фотообои \"Pastel 004\"", "action_flag": 1, "change_message": "[{\"added\": {}}, {\"added\": {\"name\": \"product image\", \"object\": \"ProductImage object (3)\"}}]"}}, {"model": "admin.logentry", "pk": 33, "fields": {"action_time": "2022-01-07T20:23:04.709Z", "user": 1, "content_type": 9, "object_id": "4", "object_repr": "Фотообои \"Белые розы\"", "action_flag": 1, "change_message": "[{\"added\": {}}, {\"added\": {\"name\": \"product image\", \"object\": \"ProductImage object (4)\"}}]"}}, {"model": "admin.logentry", "pk": 34, "fields": {"action_time": "2022-01-07T20:23:35.704Z", "user": 1, "content_type": 9, "object_id": "5", "object_repr": "Фотообои \"Тропический лес\"", "action_flag": 1, "change_message": "[{\"added\": {}}, {\"added\": {\"name\": \"product image\", \"object\": \"ProductImage object (5)\"}}]"}}, {"model": "admin.logentry", "pk": 35, "fields": {"action_time": "2022-01-07T20:23:58.944Z", "user": 1, "content_type": 9, "object_id": "6", "object_repr": "Фотообои \"Pastel 006\"", "action_flag": 1, "change_message": "[{\"added\": {}}, {\"added\": {\"name\": \"product image\", \"object\": \"ProductImage object (6)\"}}]"}}, {"model": "admin.logentry", "pk": 36, "fields": {"action_time": "2022-01-07T20:24:41.706Z", "user": 1, "content_type": 9, "object_id": "7", "object_repr": "Фотообои \"Олени в лесу\"", "action_flag": 1, "change_message": "[{\"added\": {}}, {\"added\": {\"name\": \"product image\", \"object\": \"ProductImage object (7)\"}}]"}}, {"model": "admin.logentry", "pk": 37, "fields": {"action_time": "2022-01-07T20:25:11.529Z", "user": 1, "content_type": 9, "object_id": "8", "object_repr": "Фотообои \"Тропические листья\"", "action_flag": 1, "change_message": "[{\"added\": {}}, {\"added\": {\"name\": \"product image\", \"object\": \"ProductImage object (8)\"}}]"}}, {"model": "admin.logentry", "pk": 38, "fields": {"action_time": "2022-01-07T20:25:27.795Z", "user": 1, "content_type": 9, "object_id": "1", "object_repr": "Фотообои \"Тайга и птицы\"", "action_flag": 2, "change_message": "[{\"changed\": {\"fields\": [\"Is featured\"]}}]"}}, {"model": "admin.logentry", "pk": 39, "fields": {"action_time": "2022-01-07T20:25:32.755Z", "user": 1, "content_type": 9, "object_id": "8", "object_repr": "Фотообои \"Тропические листья\"", "action_flag": 2, "change_message": "[{\"changed\": {\"fields\": [\"Is featured\"]}}]"}}, {"model": "admin.logentry", "pk": 40, "fields": {"action_time": "2022-01-07T20:25:36.269Z", "user": 1, "content_type": 9, "object_id": "7", "object_repr": "Фотообои \"Олени в лесу\"", "action_flag": 2, "change_message": "[{\"changed\": {\"fields\": [\"Is featured\"]}}]"}}, {"model": "admin.logentry", "pk": 41, "fields": {"action_time": "2022-01-07T20:25:40.790Z", "user": 1, "content_type": 9, "object_id": "6", "object_repr": "Фотообои \"Pastel 006\"", "action_flag": 2, "change_message": "[{\"changed\": {\"fields\": [\"Is featured\"]}}]"}}, {"model": "admin.logentry", "pk": 42, "fields": {"action_time": "2022-01-07T20:25:43.955Z", "user": 1, "content_type": 9, "object_id": "5", "object_repr": "Фотообои \"Тропический лес\"", "action_flag": 2, "change_message": "[{\"changed\": {\"fields\": [\"Is featured\"]}}]"}}, {"model": "admin.logentry", "pk": 43, "fields": {"action_time": "2022-01-07T20:25:47.679Z", "user": 1, "content_type": 9, "object_id": "4", "object_repr": "Фотообои \"Белые розы\"", "action_flag": 2, "change_message": "[{\"changed\": {\"fields\": [\"Is featured\"]}}]"}}, {"model": "admin.logentry", "pk": 44, "fields": {"action_time": "2022-01-07T20:25:51.132Z", "user": 1, "content_type": 9, "object_id": "3", "object_repr": "Фотообои \"Pastel 004\"", "action_flag": 2, "change_message": "[{\"changed\": {\"fields\": [\"Is featured\"]}}]"}}, {"model": "admin.logentry", "pk": 45, "fields": {"action_time": "2022-01-07T20:25:54.300Z", "user": 1, "content_type": 9, "object_id": "2", "object_repr": "Фотообои \"Цветы акварель\"", "action_flag": 2, "change_message": "[{\"changed\": {\"fields\": [\"Is featured\"]}}]"}}, {"model": "admin.logentry", "pk": 46, "fields": {"action_time": "2022-01-13T20:45:09.555Z", "user": 1, "content_type": 15, "object_id": "1", "object_repr": "1", "action_flag": 1, "change_message": "[{\"added\": {}}]"}}, {"model": "admin.logentry", "pk": 47, "fields": {"action_time": "2022-01-13T20:45:17.300Z", "user": 1, "content_type": 15, "object_id": "2", "object_repr": "2", "action_flag": 1, "change_message": "[{\"added\": {}}]"}}, {"model": "admin.logentry", "pk": 48, "fields": {"action_time": "2022-01-13T20:45:22.839Z", "user": 1, "content_type": 15, "object_id": "3", "object_repr": "3", "action_flag": 1, "change_message": "[{\"added\": {}}]"}}, {"model": "admin.logentry", "pk": 49, "fields": {"action_time": "2022-01-13T20:45:28.168Z", "user": 1, "content_type": 15, "object_id": "4", "object_repr": "4", "action_flag": 1, "change_message": "[{\"added\": {}}]"}}, {"model": "admin.logentry", "pk": 50, "fields": {"action_time": "2022-01-13T20:45:35.879Z", "user": 1, "content_type": 15, "object_id": "5", "object_repr": "5", "action_flag": 1, "change_message": "[{\"added\": {}}]"}}, {"model": "admin.logentry", "pk": 51, "fields": {"action_time": "2022-01-13T21:04:54.746Z", "user": 1, "content_type": 16, "object_id": "1", "object_repr": "facebook", "action_flag": 1, "change_message": "[{\"added\": {}}]"}}, {"model": "admin.logentry", "pk": 52, "fields": {"action_time": "2022-01-13T21:07:02.583Z", "user": 1, "content_type": 16, "object_id": "1", "object_repr": "facebook", "action_flag": 2, "change_message": "[{\"changed\": {\"fields\": [\"Icon\"]}}]"}}, {"model": "admin.logentry", "pk": 53, "fields": {"action_time": "2022-01-13T21:07:16.453Z", "user": 1, "content_type": 16, "object_id": "2", "object_repr": "instagram", "action_flag": 1, "change_message": "[{\"added\": {}}]"}}, {"model": "admin.logentry", "pk": 54, "fields": {"action_time": "2022-01-13T21:07:44.788Z", "user": 1, "content_type": 16, "object_id": "3", "object_repr": "whatsapp", "action_flag": 1, "change_message": "[{\"added\": {}}]"}}, {"model": "admin.logentry", "pk": 55, "fields": {"action_time": "2022-01-13T21:17:28.515Z", "user": 1, "content_type": 16, "object_id": "4", "object_repr": "tiktok", "action_flag": 1, "change_message": "[{\"added\": {}}]"}}, {"model": "admin.logentry", "pk": 56, "fields": {"action_time": "2022-01-15T10:22:10.287Z", "user": 1, "content_type": 14, "object_id": "1", "object_repr": "General Informations", "action_flag": 2, "change_message": "[{\"changed\": {\"fields\": [\"Main image\"]}}]"}}, {"model": "admin.logentry", "pk": 57, "fields": {"action_time": "2022-01-15T10:27:56.911Z", "user": 1, "content_type": 7, "object_id": "6", "object_repr": "EXCLUSİVE ƏL İŞLƏRİ", "action_flag": 2, "change_message": "[{\"changed\": {\"fields\": [\"Image\"]}}]"}}, {"model": "admin.logentry", "pk": 58, "fields": {"action_time": "2022-01-15T10:28:04.983Z", "user": 1, "content_type": 7, "object_id": "5", "object_repr": "EV ÜÇÜN DEKOR", "action_flag": 2, "change_message": "[{\"changed\": {\"fields\": [\"Image\"]}}]"}}, {"model": "admin.logentry", "pk": 59, "fields": {"action_time": "2022-01-15T10:28:11.742Z", "user": 1, "content_type": 7, "object_id": "4", "object_repr": "SKİNALİ", "action_flag": 2, "change_message": "[{\"changed\": {\"fields\": [\"Image\"]}}]"}}, {"model": "admin.logentry", "pk": 60, "fields": {"action_time": "2022-01-15T10:28:21.873Z", "user": 1, "content_type": 7, "object_id": "3", "object_repr": "ÖZ ŞƏKİLİNİZ İLƏ TABLO", "action_flag": 2, "change_message": "[{\"changed\": {\"fields\": [\"Image\"]}}]"}}, {"model": "admin.logentry", "pk": 61, "fields": {"action_time": "2022-01-15T10:28:28.275Z", "user": 1, "content_type": 7, "object_id": "2", "object_repr": "TABLO VƏ ÇƏRÇİVƏLƏR", "action_flag": 2, "change_message": "[{\"changed\": {\"fields\": [\"Image\"]}}]"}}, {"model": "admin.logentry", "pk": 62, "fields": {"action_time": "2022-01-15T10:28:51.216Z", "user": 1, "content_type": 7, "object_id": "1", "object_repr": "FOTOOBOY VE FRESKA", "action_flag": 2, "change_message": "[{\"changed\": {\"fields\": [\"Image\"]}}]"}}, {"model": "admin.logentry", "pk": 63, "fields": {"action_time": "2022-01-15T10:30:11.759Z", "user": 1, "content_type": 7, "object_id": "1", "object_repr": "FOTOOBOY VE FRESKA", "action_flag": 2, "change_message": "[{\"changed\": {\"fields\": [\"Image\"]}}]"}}, {"model": "admin.logentry", "pk": 64, "fields": {"action_time": "2022-01-15T11:01:14.626Z", "user": 1, "content_type": 9, "object_id": "9", "object_repr": "Test", "action_flag": 1, "change_message": "[{\"added\": {}}, {\"added\": {\"name\": \"product image\", \"object\": \"ProductImage object (9)\"}}]"}}, {"model": "admin.logentry", "pk": 65, "fields": {"action_time": "2022-01-15T11:01:26.182Z", "user": 1, "content_type": 9, "object_id": "10", "object_repr": "12", "action_flag": 1, "change_message": "[{\"added\": {}}, {\"added\": {\"name\": \"product image\", \"object\": \"ProductImage object (10)\"}}]"}}, {"model": "admin.logentry", "pk": 66, "fields": {"action_time": "2022-01-15T11:15:38.853Z", "user": 1, "content_type": 9, "object_id": "1", "object_repr": "Фотообои \"Тайга и птицы\"", "action_flag": 2, "change_message": "[{\"changed\": {\"fields\": [\"Order count\"]}}]"}}, {"model": "admin.logentry", "pk": 67, "fields": {"action_time": "2022-01-15T11:15:43.298Z", "user": 1, "content_type": 9, "object_id": "10", "object_repr": "12", "action_flag": 2, "change_message": "[{\"changed\": {\"fields\": [\"Order count\"]}}]"}}, {"model": "admin.logentry", "pk": 68, "fields": {"action_time": "2022-01-15T11:15:47.813Z", "user": 1, "content_type": 9, "object_id": "9", "object_repr": "Test", "action_flag": 2, "change_message": "[{\"changed\": {\"fields\": [\"Order count\"]}}]"}}, {"model": "admin.logentry", "pk": 69, "fields": {"action_time": "2022-01-15T11:15:51.958Z", "user": 1, "content_type": 9, "object_id": "8", "object_repr": "Фотообои \"Тропические листья\"", "action_flag": 2, "change_message": "[{\"changed\": {\"fields\": [\"Order count\"]}}]"}}, {"model": "admin.logentry", "pk": 70, "fields": {"action_time": "2022-01-15T11:15:56.602Z", "user": 1, "content_type": 9, "object_id": "7", "object_repr": "Фотообои \"Олени в лесу\"", "action_flag": 2, "change_message": "[{\"changed\": {\"fields\": [\"Order count\"]}}]"}}, {"model": "admin.logentry", "pk": 71, "fields": {"action_time": "2022-01-15T11:15:59.907Z", "user": 1, "content_type": 9, "object_id": "6", "object_repr": "Фотообои \"Pastel 006\"", "action_flag": 2, "change_message": "[{\"changed\": {\"fields\": [\"Order count\"]}}]"}}, {"model": "admin.logentry", "pk": 72, "fields": {"action_time": "2022-01-15T11:16:04.311Z", "user": 1, "content_type": 9, "object_id": "5", "object_repr": "Фотообои \"Тропический лес\"", "action_flag": 2, "change_message": "[{\"changed\": {\"fields\": [\"Order count\"]}}]"}}, {"model": "admin.logentry", "pk": 73, "fields": {"action_time": "2022-01-15T11:16:09.868Z", "user": 1, "content_type": 9, "object_id": "4", "object_repr": "Фотообои \"Белые розы\"", "action_flag": 2, "change_message": "[{\"changed\": {\"fields\": [\"Order count\"]}}]"}}, {"model": "admin.logentry", "pk": 74, "fields": {"action_time": "2022-01-15T11:16:14.620Z", "user": 1, "content_type": 9, "object_id": "3", "object_repr": "Фотообои \"Pastel 004\"", "action_flag": 2, "change_message": "[{\"changed\": {\"fields\": [\"Order count\"]}}]"}}, {"model": "admin.logentry", "pk": 75, "fields": {"action_time": "2022-01-15T11:16:19.526Z", "user": 1, "content_type": 9, "object_id": "2", "object_repr": "Фотообои \"Цветы акварель\"", "action_flag": 2, "change_message": "[{\"changed\": {\"fields\": [\"Order count\"]}}]"}}, {"model": "admin.logentry", "pk": 76, "fields": {"action_time": "2022-01-15T11:22:20.099Z", "user": 1, "content_type": 9, "object_id": "1", "object_repr": "Фотообои \"Тайга и птицы\"", "action_flag": 2, "change_message": "[{\"changed\": {\"fields\": [\"Discount price\"]}}]"}}, {"model": "admin.logentry", "pk": 77, "fields": {"action_time": "2022-01-15T11:24:11.359Z", "user": 1, "content_type": 9, "object_id": "1", "object_repr": "Фотообои \"Тайга и птицы\"", "action_flag": 2, "change_message": "[{\"changed\": {\"fields\": [\"Is featured\"]}}]"}}, {"model": "admin.logentry", "pk": 78, "fields": {"action_time": "2022-01-15T12:02:34.243Z", "user": 1, "content_type": 17, "object_id": "1", "object_repr": "Ağ", "action_flag": 1, "change_message": "[{\"added\": {}}]"}}, {"model": "admin.logentry", "pk": 79, "fields": {"action_time": "2022-01-15T12:02:45.381Z", "user": 1, "content_type": 17, "object_id": "2", "object_repr": "Qara", "action_flag": 1, "change_message": "[{\"added\": {}}]"}}, {"model": "admin.logentry", "pk": 80, "fields": {"action_time": "2022-01-15T12:02:58.460Z", "user": 1, "content_type": 17, "object_id": "3", "object_repr": "Yaşıl", "action_flag": 1, "change_message": "[{\"added\": {}}]"}}, {"model": "admin.logentry", "pk": 81, "fields": {"action_time": "2022-01-15T12:03:07.983Z", "user": 1, "content_type": 17, "object_id": "4", "object_repr": "Qırmızı", "action_flag": 1, "change_message": "[{\"added\": {}}]"}}, {"model": "admin.logentry", "pk": 82, "fields": {"action_time": "2022-01-15T12:03:18.872Z", "user": 1, "content_type": 17, "object_id": "5", "object_repr": "Çəhrayı", "action_flag": 1, "change_message": "[{\"added\": {}}]"}}, {"model": "admin.logentry", "pk": 83, "fields": {"action_time": "2022-01-15T12:03:30.703Z", "user": 1, "content_type": 17, "object_id": "6", "object_repr": "Mavi", "action_flag": 1, "change_message": "[{\"added\": {}}]"}}, {"model": "admin.logentry", "pk": 84, "fields": {"action_time": "2022-01-15T12:03:37.554Z", "user": 1, "content_type": 17, "object_id": "7", "object_repr": "Sarı", "action_flag": 1, "change_message": "[{\"added\": {}}]"}}, {"model": "admin.logentry", "pk": 85, "fields": {"action_time": "2022-01-15T12:03:47.285Z", "user": 1, "content_type": 17, "object_id": "8", "object_repr": "Şabalıdı", "action_flag": 1, "change_message": "[{\"added\": {}}]"}}, {"model": "admin.logentry", "pk": 86, "fields": {"action_time": "2022-01-15T12:03:55.593Z", "user": 1, "content_type": 17, "object_id": "9", "object_repr": "Portağal", "action_flag": 1, "change_message": "[{\"added\": {}}]"}}, {"model": "admin.logentry", "pk": 87, "fields": {"action_time": "2022-01-15T12:14:21.191Z", "user": 1, "content_type": 13, "object_id": "1", "object_repr": "Ofis Üçün", "action_flag": 1, "change_message": "[{\"added\": {}}]"}}, {"model": "admin.logentry", "pk": 88, "fields": {"action_time": "2022-01-15T12:14:58.389Z", "user": 1, "content_type": 13, "object_id": "2", "object_repr": "Yataq Otağı", "action_flag": 1, "change_message": "[{\"added\": {}}]"}}, {"model": "admin.logentry", "pk": 89, "fields": {"action_time": "2022-01-15T12:15:50.858Z", "user": 1, "content_type": 13, "object_id": "3", "object_repr": "Mətbəx", "action_flag": 1, "change_message": "[{\"added\": {}}]"}}, {"model": "admin.logentry", "pk": 90, "fields": {"action_time": "2022-01-15T12:16:52.345Z", "user": 1, "content_type": 13, "object_id": "4", "object_repr": "Qonaq Otağı", "action_flag": 1, "change_message": "[{\"added\": {}}]"}}, {"model": "admin.logentry", "pk": 91, "fields": {"action_time": "2022-01-15T12:17:54.540Z", "user": 1, "content_type": 13, "object_id": "5", "object_repr": "Uşaq Otağı", "action_flag": 1, "change_message": "[{\"added\": {}}]"}}, {"model": "admin.logentry", "pk": 92, "fields": {"action_time": "2022-01-15T12:30:02.037Z", "user": 1, "content_type": 11, "object_id": "5", "object_repr": "Gül və yarpaq", "action_flag": 2, "change_message": "[{\"changed\": {\"fields\": [\"Image\", \"Name\"]}}]"}}, {"model": "admin.logentry", "pk": 93, "fields": {"action_time": "2022-01-15T12:30:37.792Z", "user": 1, "content_type": 11, "object_id": "4", "object_repr": "Pəncərə, Balkon", "action_flag": 2, "change_message": "[{\"changed\": {\"fields\": [\"Image\", \"Name\"]}}]"}}, {"model": "admin.logentry", "pk": 94, "fields": {"action_time": "2022-01-15T12:31:25.114Z", "user": 1, "content_type": 11, "object_id": "3", "object_repr": "Uşaqlar Üçün", "action_flag": 2, "change_message": "[{\"changed\": {\"fields\": [\"Image\", \"Name\"]}}]"}}, {"model": "admin.logentry", "pk": 95, "fields": {"action_time": "2022-01-15T12:32:48.022Z", "user": 1, "content_type": 11, "object_id": "2", "object_repr": "Eksklüziv", "action_flag": 2, "change_message": "[{\"changed\": {\"fields\": [\"Image\", \"Name\"]}}]"}}, {"model": "admin.logentry", "pk": 96, "fields": {"action_time": "2022-01-15T12:34:35.386Z", "user": 1, "content_type": 11, "object_id": "1", "object_repr": "Şəhərlər", "action_flag": 2, "change_message": "[{\"changed\": {\"fields\": [\"Image\", \"Name\"]}}]"}}, {"model": "admin.logentry", "pk": 97, "fields": {"action_time": "2022-01-15T12:35:28.352Z", "user": 1, "content_type": 11, "object_id": "6", "object_repr": "Dəniz", "action_flag": 2, "change_message": "[{\"changed\": {\"fields\": [\"Image\", \"Name\"]}}]"}}, {"model": "admin.logentry", "pk": 98, "fields": {"action_time": "2022-01-15T12:36:39.739Z", "user": 1, "content_type": 11, "object_id": "6", "object_repr": "Dəniz", "action_flag": 2, "change_message": "[{\"changed\": {\"fields\": [\"Icon\"]}}]"}}, {"model": "admin.logentry", "pk": 99, "fields": {"action_time": "2022-01-15T12:36:48.553Z", "user": 1, "content_type": 11, "object_id": "1", "object_repr": "Şəhərlər", "action_flag": 2, "change_message": "[{\"changed\": {\"fields\": [\"Icon\"]}}]"}}, {"model": "admin.logentry", "pk": 100, "fields": {"action_time": "2022-01-15T12:36:57.070Z", "user": 1, "content_type": 11, "object_id": "2", "object_repr": "Eksklüziv", "action_flag": 2, "change_message": "[{\"changed\": {\"fields\": [\"Icon\"]}}]"}}, {"model": "admin.logentry", "pk": 101, "fields": {"action_time": "2022-01-15T12:37:02.864Z", "user": 1, "content_type": 11, "object_id": "3", "object_repr": "Uşaqlar Üçün", "action_flag": 2, "change_message": "[{\"changed\": {\"fields\": [\"Icon\"]}}]"}}, {"model": "admin.logentry", "pk": 102, "fields": {"action_time": "2022-01-15T12:37:09.635Z", "user": 1, "content_type": 11, "object_id": "4", "object_repr": "Pəncərə, Balkon", "action_flag": 2, "change_message": "[{\"changed\": {\"fields\": [\"Icon\"]}}]"}}, {"model": "admin.logentry", "pk": 103, "fields": {"action_time": "2022-01-15T12:37:16.168Z", "user": 1, "content_type": 11, "object_id": "5", "object_repr": "Gül və yarpaq", "action_flag": 2, "change_message": "[{\"changed\": {\"fields\": [\"Icon\"]}}]"}}, {"model": "admin.logentry", "pk": 104, "fields": {"action_time": "2022-01-15T12:40:21.008Z", "user": 1, "content_type": 9, "object_id": "2", "object_repr": "Arkalar", "action_flag": 2, "change_message": "[{\"changed\": {\"fields\": [\"Name\"]}}, {\"changed\": {\"name\": \"product image\", \"object\": \"ProductImage object (2)\", \"fields\": [\"Image\"]}}]"}}, {"model": "admin.logentry", "pk": 105, "fields": {"action_time": "2022-01-15T12:40:57.183Z", "user": 1, "content_type": 9, "object_id": "3", "object_repr": "3DJFL11", "action_flag": 2, "change_message": "[{\"changed\": {\"fields\": [\"Name\"]}}, {\"changed\": {\"name\": \"product image\", \"object\": \"ProductImage object (3)\", \"fields\": [\"Image\"]}}]"}}, {"model": "admin.logentry", "pk": 106, "fields": {"action_time": "2022-01-15T12:41:21.775Z", "user": 1, "content_type": 9, "object_id": "4", "object_repr": "3DJFL12", "action_flag": 2, "change_message": "[{\"changed\": {\"fields\": [\"Name\"]}}, {\"changed\": {\"name\": \"product image\", \"object\": \"ProductImage object (4)\", \"fields\": [\"Image\"]}}]"}}, {"model": "admin.logentry", "pk": 107, "fields": {"action_time": "2022-01-15T12:41:39.609Z", "user": 1, "content_type": 9, "object_id": "5", "object_repr": "3DJFL20", "action_flag": 2, "change_message": "[{\"changed\": {\"fields\": [\"Name\"]}}, {\"changed\": {\"name\": \"product image\", \"object\": \"ProductImage object (5)\", \"fields\": [\"Image\"]}}]"}}, {"model": "admin.logentry", "pk": 108, "fields": {"action_time": "2022-01-15T12:41:58.857Z", "user": 1, "content_type": 9, "object_id": "6", "object_repr": "3DJFL29", "action_flag": 2, "change_message": "[{\"changed\": {\"fields\": [\"Name\"]}}, {\"changed\": {\"name\": \"product image\", \"object\": \"ProductImage object (6)\", \"fields\": [\"Image\"]}}]"}}, {"model": "admin.logentry", "pk": 109, "fields": {"action_time": "2022-01-15T12:42:17.360Z", "user": 1, "content_type": 9, "object_id": "7", "object_repr": "3DCRD18", "action_flag": 2, "change_message": "[{\"changed\": {\"fields\": [\"Name\"]}}, {\"changed\": {\"name\": \"product image\", \"object\": \"ProductImage object (7)\", \"fields\": [\"Image\"]}}]"}}, {"model": "admin.logentry", "pk": 110, "fields": {"action_time": "2022-01-15T12:42:32.412Z", "user": 1, "content_type": 9, "object_id": "8", "object_repr": "3DCRD8", "action_flag": 2, "change_message": "[{\"changed\": {\"fields\": [\"Name\"]}}, {\"changed\": {\"name\": \"product image\", \"object\": \"ProductImage object (8)\", \"fields\": [\"Image\"]}}]"}}, {"model": "admin.logentry", "pk": 111, "fields": {"action_time": "2022-01-15T12:42:48.371Z", "user": 1, "content_type": 9, "object_id": "9", "object_repr": "3DCRD11", "action_flag": 2, "change_message": "[{\"changed\": {\"fields\": [\"Name\", \"Price\"]}}, {\"changed\": {\"name\": \"product image\", \"object\": \"ProductImage object (9)\", \"fields\": [\"Image\"]}}]"}}, {"model": "admin.logentry", "pk": 112, "fields": {"action_time": "2022-01-15T12:43:05.903Z", "user": 1, "content_type": 9, "object_id": "10", "object_repr": "Balkon və Teraslar", "action_flag": 2, "change_message": "[{\"changed\": {\"fields\": [\"Name\", \"Price\"]}}, {\"changed\": {\"name\": \"product image\", \"object\": \"ProductImage object (10)\", \"fields\": [\"Image\"]}}]"}}, {"model": "admin.logentry", "pk": 113, "fields": {"action_time": "2022-01-15T12:43:23.666Z", "user": 1, "content_type": 9, "object_id": "1", "object_repr": "Mənzərəli freska", "action_flag": 2, "change_message": "[{\"changed\": {\"fields\": [\"Name\"]}}, {\"changed\": {\"name\": \"product image\", \"object\": \"ProductImage object (1)\", \"fields\": [\"Image\"]}}]"}}, {"model": "admin.logentry", "pk": 114, "fields": {"action_time": "2022-01-16T07:22:40.287Z", "user": 1, "content_type": 9, "object_id": "10", "object_repr": "Balkon və Teraslar", "action_flag": 2, "change_message": "[{\"deleted\": {\"name\": \"product image\", \"object\": \"ProductImage object (None)\"}}]"}}, {"model": "admin.logentry", "pk": 115, "fields": {"action_time": "2022-01-17T18:31:10.130Z", "user": 1, "content_type": 9, "object_id": "10", "object_repr": "Balkon və Teraslar", "action_flag": 2, "change_message": "[{\"changed\": {\"fields\": [\"Sub category\"]}}]"}}, {"model": "admin.logentry", "pk": 116, "fields": {"action_time": "2022-01-17T18:31:12.046Z", "user": 1, "content_type": 9, "object_id": "9", "object_repr": "3DCRD11", "action_flag": 2, "change_message": "[{\"changed\": {\"fields\": [\"Sub category\"]}}]"}}, {"model": "admin.logentry", "pk": 117, "fields": {"action_time": "2022-01-17T18:31:55.270Z", "user": 1, "content_type": 9, "object_id": "1", "object_repr": "Mənzərəli freska", "action_flag": 2, "change_message": "[{\"changed\": {\"fields\": [\"Sub category\"]}}]"}}, {"model": "admin.logentry", "pk": 118, "fields": {"action_time": "2022-01-17T18:32:19.655Z", "user": 1, "content_type": 9, "object_id": "10", "object_repr": "Balkon və Teraslar", "action_flag": 2, "change_message": "[{\"added\": {\"name\": \"product image\", \"object\": \"ProductImage object (11)\"}}]"}}, {"model": "admin.logentry", "pk": 119, "fields": {"action_time": "2022-01-17T18:37:58.783Z", "user": 1, "content_type": 9, "object_id": "6", "object_repr": "3DJFL29", "action_flag": 2, "change_message": "[{\"changed\": {\"fields\": [\"Room\", \"Color\"]}}]"}}, {"model": "admin.logentry", "pk": 120, "fields": {"action_time": "2022-01-18T12:11:53.891Z", "user": 1, "content_type": 7, "object_id": "1", "object_repr": "FOTOOBOY VE FRESKA", "action_flag": 2, "change_message": "[{\"changed\": {\"fields\": [\"Name\", \"Name [en]\", \"Name [az]\", \"Name [ru]\"]}}]"}}, {"model": "admin.logentry", "pk": 121, "fields": {"action_time": "2022-01-18T12:12:41.049Z", "user": 1, "content_type": 7, "object_id": "2", "object_repr": "TABLO VƏ ÇƏRÇİVƏLƏR", "action_flag": 2, "change_message": "[{\"changed\": {\"fields\": [\"Name\", \"Name [en]\", \"Name [az]\", \"Name [ru]\"]}}]"}}, {"model": "admin.logentry", "pk": 122, "fields": {"action_time": "2022-01-18T12:13:22.310Z", "user": 1, "content_type": 7, "object_id": "3", "object_repr": "ÖZ ŞƏKİLİNİZ İLƏ TABLO", "action_flag": 2, "change_message": "[{\"changed\": {\"fields\": [\"Name\", \"Name [en]\", \"Name [az]\", \"Name [ru]\"]}}]"}}, {"model": "admin.logentry", "pk": 123, "fields": {"action_time": "2022-01-18T12:13:55.116Z", "user": 1, "content_type": 7, "object_id": "4", "object_repr": "SKİNALİ", "action_flag": 2, "change_message": "[{\"changed\": {\"fields\": [\"Name\", \"Name [en]\", \"Name [az]\", \"Name [ru]\"]}}]"}}, {"model": "admin.logentry", "pk": 124, "fields": {"action_time": "2022-01-18T12:14:20.882Z", "user": 1, "content_type": 7, "object_id": "5", "object_repr": "EV ÜÇÜN DEKOR", "action_flag": 2, "change_message": "[{\"changed\": {\"fields\": [\"Name\", \"Name [en]\", \"Name [az]\", \"Name [ru]\"]}}]"}}, {"model": "admin.logentry", "pk": 125, "fields": {"action_time": "2022-01-18T12:14:52.729Z", "user": 1, "content_type": 7, "object_id": "6", "object_repr": "EXCLUSİVE ƏL İŞLƏRİ", "action_flag": 2, "change_message": "[{\"changed\": {\"fields\": [\"Name\", \"Name [en]\", \"Name [az]\", \"Name [ru]\"]}}]"}}, {"model": "admin.logentry", "pk": 126, "fields": {"action_time": "2022-01-18T12:15:59.688Z", "user": 1, "content_type": 13, "object_id": "1", "object_repr": "Ofis Üçün", "action_flag": 2, "change_message": "[{\"changed\": {\"fields\": [\"Name\", \"Name [en]\", \"Name [az]\", \"Name [ru]\"]}}]"}}, {"model": "admin.logentry", "pk": 127, "fields": {"action_time": "2022-01-18T12:16:18.316Z", "user": 1, "content_type": 13, "object_id": "2", "object_repr": "Yataq Otağı", "action_flag": 2, "change_message": "[{\"changed\": {\"fields\": [\"Name\"]}}]"}}, {"model": "admin.logentry", "pk": 128, "fields": {"action_time": "2022-01-18T12:16:27.187Z", "user": 1, "content_type": 13, "object_id": "3", "object_repr": "Mətbəx", "action_flag": 2, "change_message": "[{\"changed\": {\"fields\": [\"Name\", \"Name [az]\"]}}]"}}, {"model": "admin.logentry", "pk": 129, "fields": {"action_time": "2022-01-18T12:16:35.483Z", "user": 1, "content_type": 13, "object_id": "4", "object_repr": "Qonaq Otağı", "action_flag": 2, "change_message": "[{\"changed\": {\"fields\": [\"Name\", \"Name [az]\"]}}]"}}, {"model": "admin.logentry", "pk": 130, "fields": {"action_time": "2022-01-18T12:16:43.404Z", "user": 1, "content_type": 13, "object_id": "5", "object_repr": "Uşaq Otağı", "action_flag": 2, "change_message": "[{\"changed\": {\"fields\": [\"Name\", \"Name [az]\"]}}]"}}, {"model": "admin.logentry", "pk": 131, "fields": {"action_time": "2022-01-18T12:17:11.738Z", "user": 1, "content_type": 11, "object_id": "1", "object_repr": "Şəhərlər", "action_flag": 2, "change_message": "[{\"changed\": {\"fields\": [\"Name\", \"Name [az]\"]}}]"}}, {"model": "admin.logentry", "pk": 132, "fields": {"action_time": "2022-01-18T12:17:26.668Z", "user": 1, "content_type": 11, "object_id": "2", "object_repr": "Eksklüziv", "action_flag": 2, "change_message": "[{\"changed\": {\"fields\": [\"Name\", \"Name [az]\"]}}]"}}, {"model": "admin.logentry", "pk": 133, "fields": {"action_time": "2022-01-18T12:17:35.480Z", "user": 1, "content_type": 11, "object_id": "3", "object_repr": "Uşaqlar Üçün", "action_flag": 2, "change_message": "[{\"changed\": {\"fields\": [\"Name\", \"Name [az]\"]}}]"}}, {"model": "admin.logentry", "pk": 134, "fields": {"action_time": "2022-01-18T12:17:44.691Z", "user": 1, "content_type": 11, "object_id": "4", "object_repr": "Pəncərə, Balkon", "action_flag": 2, "change_message": "[{\"changed\": {\"fields\": [\"Name\", \"Name [az]\"]}}]"}}, {"model": "admin.logentry", "pk": 135, "fields": {"action_time": "2022-01-18T12:17:57.940Z", "user": 1, "content_type": 11, "object_id": "5", "object_repr": "Gül və yarpaq", "action_flag": 2, "change_message": "[{\"changed\": {\"fields\": [\"Name\", \"Name [az]\"]}}]"}}, {"model": "admin.logentry", "pk": 136, "fields": {"action_time": "2022-01-18T12:18:07.748Z", "user": 1, "content_type": 11, "object_id": "6", "object_repr": "Dəniz", "action_flag": 2, "change_message": "[{\"changed\": {\"fields\": [\"Name\", \"Name [az]\"]}}]"}}, {"model": "admin.logentry", "pk": 137, "fields": {"action_time": "2022-01-18T12:18:21.466Z", "user": 1, "content_type": 11, "object_id": "6", "object_repr": "Dəniz", "action_flag": 2, "change_message": "[{\"changed\": {\"fields\": [\"Name [en]\", \"Name [ru]\"]}}]"}}, {"model": "admin.logentry", "pk": 138, "fields": {"action_time": "2022-01-18T12:18:33.593Z", "user": 1, "content_type": 11, "object_id": "5", "object_repr": "Gül və yarpaq", "action_flag": 2, "change_message": "[{\"changed\": {\"fields\": [\"Name [en]\", \"Name [ru]\"]}}]"}}, {"model": "admin.logentry", "pk": 139, "fields": {"action_time": "2022-01-18T12:18:46.828Z", "user": 1, "content_type": 11, "object_id": "4", "object_repr": "Pəncərə, Balkon", "action_flag": 2, "change_message": "[{\"changed\": {\"fields\": [\"Name [en]\", \"Name [ru]\"]}}]"}}, {"model": "admin.logentry", "pk": 140, "fields": {"action_time": "2022-01-18T12:18:58.051Z", "user": 1, "content_type": 11, "object_id": "3", "object_repr": "Uşaqlar Üçün", "action_flag": 2, "change_message": "[{\"changed\": {\"fields\": [\"Name [en]\", \"Name [ru]\"]}}]"}}, {"model": "admin.logentry", "pk": 141, "fields": {"action_time": "2022-01-18T12:19:15.229Z", "user": 1, "content_type": 11, "object_id": "2", "object_repr": "Eksklüziv", "action_flag": 2, "change_message": "[{\"changed\": {\"fields\": [\"Name [en]\", \"Name [ru]\"]}}]"}}, {"model": "admin.logentry", "pk": 142, "fields": {"action_time": "2022-01-18T12:19:26.252Z", "user": 1, "content_type": 11, "object_id": "1", "object_repr": "Şəhərlər", "action_flag": 2, "change_message": "[{\"changed\": {\"fields\": [\"Name [en]\", \"Name [ru]\"]}}]"}}, {"model": "admin.logentry", "pk": 143, "fields": {"action_time": "2022-01-18T12:19:38.882Z", "user": 1, "content_type": 13, "object_id": "5", "object_repr": "Uşaq Otağı", "action_flag": 2, "change_message": "[{\"changed\": {\"fields\": [\"Name [en]\", \"Name [ru]\"]}}]"}}, {"model": "admin.logentry", "pk": 144, "fields": {"action_time": "2022-01-18T12:19:52.653Z", "user": 1, "content_type": 13, "object_id": "4", "object_repr": "Qonaq Otağı", "action_flag": 2, "change_message": "[{\"changed\": {\"fields\": [\"Name [en]\", \"Name [ru]\"]}}]"}}, {"model": "admin.logentry", "pk": 145, "fields": {"action_time": "2022-01-18T12:20:06.131Z", "user": 1, "content_type": 13, "object_id": "3", "object_repr": "Mətbəx", "action_flag": 2, "change_message": "[{\"changed\": {\"fields\": [\"Name [en]\", \"Name [ru]\"]}}]"}}, {"model": "admin.logentry", "pk": 146, "fields": {"action_time": "2022-01-18T12:20:19.277Z", "user": 1, "content_type": 13, "object_id": "2", "object_repr": "Yataq Otağı", "action_flag": 2, "change_message": "[{\"changed\": {\"fields\": [\"Name [en]\", \"Name [ru]\"]}}]"}}, {"model": "admin.logentry", "pk": 147, "fields": {"action_time": "2022-01-18T12:20:23.415Z", "user": 1, "content_type": 13, "object_id": "1", "object_repr": "Ofis Üçün", "action_flag": 2, "change_message": "[]"}}, {"model": "admin.logentry", "pk": 148, "fields": {"action_time": "2022-01-18T12:22:02.950Z", "user": 1, "content_type": 9, "object_id": "1", "object_repr": "Product 1", "action_flag": 2, "change_message": "[{\"changed\": {\"fields\": [\"Name\", \"Name [en]\", \"Name [az]\", \"Name [ru]\"]}}]"}}, {"model": "admin.logentry", "pk": 149, "fields": {"action_time": "2022-01-18T12:22:15.394Z", "user": 1, "content_type": 9, "object_id": "2", "object_repr": "Product 2", "action_flag": 2, "change_message": "[{\"changed\": {\"fields\": [\"Name\", \"Name [en]\", \"Name [az]\", \"Name [ru]\"]}}]"}}, {"model": "admin.logentry", "pk": 150, "fields": {"action_time": "2022-01-18T12:22:33.277Z", "user": 1, "content_type": 9, "object_id": "3", "object_repr": "Product 3", "action_flag": 2, "change_message": "[{\"changed\": {\"fields\": [\"Sub category\", \"Room\", \"Color\", \"Name\", \"Name [en]\", \"Name [az]\", \"Name [ru]\"]}}]"}}, {"model": "admin.logentry", "pk": 151, "fields": {"action_time": "2022-01-18T12:22:48.908Z", "user": 1, "content_type": 9, "object_id": "4", "object_repr": "Product 4", "action_flag": 2, "change_message": "[{\"changed\": {\"fields\": [\"Sub category\", \"Room\", \"Color\", \"Name\", \"Name [en]\", \"Name [az]\", \"Name [ru]\"]}}]"}}, {"model": "admin.logentry", "pk": 152, "fields": {"action_time": "2022-01-18T12:23:03.297Z", "user": 1, "content_type": 9, "object_id": "5", "object_repr": "Product 5", "action_flag": 2, "change_message": "[{\"changed\": {\"fields\": [\"Sub category\", \"Room\", \"Color\", \"Name\", \"Name [en]\", \"Name [az]\", \"Name [ru]\"]}}]"}}, {"model": "admin.logentry", "pk": 153, "fields": {"action_time": "2022-01-18T12:23:17.039Z", "user": 1, "content_type": 9, "object_id": "6", "object_repr": "Product 6", "action_flag": 2, "change_message": "[{\"changed\": {\"fields\": [\"Sub category\", \"Name\", \"Name [en]\", \"Name [az]\", \"Name [ru]\"]}}]"}}, {"model": "admin.logentry", "pk": 154, "fields": {"action_time": "2022-01-18T12:23:32.050Z", "user": 1, "content_type": 9, "object_id": "7", "object_repr": "Product 7", "action_flag": 2, "change_message": "[{\"changed\": {\"fields\": [\"Sub category\", \"Room\", \"Color\", \"Name\", \"Name [en]\", \"Name [az]\", \"Name [ru]\"]}}]"}}, {"model": "admin.logentry", "pk": 155, "fields": {"action_time": "2022-01-18T12:23:46.012Z", "user": 1, "content_type": 9, "object_id": "8", "object_repr": "Product 8", "action_flag": 2, "change_message": "[{\"changed\": {\"fields\": [\"Sub category\", \"Room\", \"Color\", \"Name\", \"Name [en]\", \"Name [az]\", \"Name [ru]\"]}}]"}}, {"model": "admin.logentry", "pk": 156, "fields": {"action_time": "2022-01-18T12:24:02.632Z", "user": 1, "content_type": 9, "object_id": "9", "object_repr": "Product 9", "action_flag": 2, "change_message": "[{\"changed\": {\"fields\": [\"Room\", \"Color\", \"Name\", \"Name [en]\", \"Name [az]\", \"Name [ru]\"]}}]"}}, {"model": "admin.logentry", "pk": 157, "fields": {"action_time": "2022-01-18T12:24:15.370Z", "user": 1, "content_type": 9, "object_id": "10", "object_repr": "Product 10", "action_flag": 2, "change_message": "[{\"changed\": {\"fields\": [\"Room\", \"Color\", \"Name\", \"Name [en]\", \"Name [az]\", \"Name [ru]\"]}}]"}}, {"model": "admin.logentry", "pk": 158, "fields": {"action_time": "2022-01-21T08:33:11.969Z", "user": 1, "content_type": 13, "object_id": "5", "object_repr": "Uşaq Otağı", "action_flag": 2, "change_message": "[]"}}, {"model": "admin.logentry", "pk": 159, "fields": {"action_time": "2022-01-21T08:34:04.007Z", "user": 1, "content_type": 13, "object_id": "6", "object_repr": "Koridor", "action_flag": 1, "change_message": "[{\"added\": {}}]"}}, {"model": "admin.logentry", "pk": 160, "fields": {"action_time": "2022-01-21T08:34:23.933Z", "user": 1, "content_type": 13, "object_id": "4", "object_repr": "Qonaq Otağı", "action_flag": 2, "change_message": "[{\"changed\": {\"fields\": [\"Name [ru]\"]}}]"}}, {"model": "admin.logentry", "pk": 161, "fields": {"action_time": "2022-01-21T08:36:36.819Z", "user": 1, "content_type": 13, "object_id": "7", "object_repr": "Turizm agentlikləri üçün", "action_flag": 1, "change_message": "[{\"added\": {}}]"}}, {"model": "admin.logentry", "pk": 162, "fields": {"action_time": "2022-01-21T08:38:00.924Z", "user": 1, "content_type": 13, "object_id": "8", "object_repr": "Butik mağazalar üçün", "action_flag": 1, "change_message": "[{\"added\": {}}]"}}, {"model": "admin.logentry", "pk": 163, "fields": {"action_time": "2022-01-21T08:40:15.264Z", "user": 1, "content_type": 13, "object_id": "9", "object_repr": "Gözəllik salonları üçün", "action_flag": 1, "change_message": "[{\"added\": {}}]"}}, {"model": "admin.logentry", "pk": 164, "fields": {"action_time": "2022-01-21T08:41:25.693Z", "user": 1, "content_type": 13, "object_id": "10", "object_repr": "Kafe restoranlar üçün", "action_flag": 1, "change_message": "[{\"added\": {}}]"}}, {"model": "admin.logentry", "pk": 165, "fields": {"action_time": "2022-01-21T08:42:09.014Z", "user": 1, "content_type": 13, "object_id": "11", "object_repr": "Vanna otağı üçün", "action_flag": 1, "change_message": "[{\"added\": {}}]"}}, {"model": "admin.logentry", "pk": 166, "fields": {"action_time": "2022-01-21T08:48:38.125Z", "user": 1, "content_type": 13, "object_id": "12", "object_repr": "Tavan", "action_flag": 1, "change_message": "[{\"added\": {}}]"}}, {"model": "admin.logentry", "pk": 167, "fields": {"action_time": "2022-01-21T10:04:48.431Z", "user": 1, "content_type": 9, "object_id": "9", "object_repr": "Product 9", "action_flag": 2, "change_message": "[{\"added\": {\"name\": \"product image\", \"object\": \"ProductImage object (12)\"}}, {\"deleted\": {\"name\": \"product image\", \"object\": \"ProductImage object (None)\"}}]"}}, {"model": "admin.logentry", "pk": 168, "fields": {"action_time": "2022-01-21T10:05:35.775Z", "user": 1, "content_type": 9, "object_id": "8", "object_repr": "Product 8", "action_flag": 2, "change_message": "[{\"added\": {\"name\": \"product image\", \"object\": \"ProductImage object (13)\"}}, {\"deleted\": {\"name\": \"product image\", \"object\": \"ProductImage object (None)\"}}]"}}, {"model": "admin.logentry", "pk": 169, "fields": {"action_time": "2022-01-21T10:06:10.519Z", "user": 1, "content_type": 9, "object_id": "7", "object_repr": "Product 7", "action_flag": 2, "change_message": "[{\"added\": {\"name\": \"product image\", \"object\": \"ProductImage object (14)\"}}, {\"deleted\": {\"name\": \"product image\", \"object\": \"ProductImage object (None)\"}}]"}}, {"model": "admin.logentry", "pk": 170, "fields": {"action_time": "2022-01-21T10:06:54.564Z", "user": 1, "content_type": 9, "object_id": "6", "object_repr": "Product 6", "action_flag": 2, "change_message": "[{\"added\": {\"name\": \"product image\", \"object\": \"ProductImage object (15)\"}}, {\"deleted\": {\"name\": \"product image\", \"object\": \"ProductImage object (None)\"}}]"}}, {"model": "admin.logentry", "pk": 171, "fields": {"action_time": "2022-01-21T10:07:30.689Z", "user": 1, "content_type": 9, "object_id": "5", "object_repr": "Product 5", "action_flag": 2, "change_message": "[{\"added\": {\"name\": \"product image\", \"object\": \"ProductImage object (16)\"}}, {\"deleted\": {\"name\": \"product image\", \"object\": \"ProductImage object (None)\"}}]"}}, {"model": "admin.logentry", "pk": 172, "fields": {"action_time": "2022-01-21T10:08:08.609Z", "user": 1, "content_type": 9, "object_id": "4", "object_repr": "Product 4", "action_flag": 2, "change_message": "[{\"added\": {\"name\": \"product image\", \"object\": \"ProductImage object (17)\"}}, {\"deleted\": {\"name\": \"product image\", \"object\": \"ProductImage object (None)\"}}]"}}, {"model": "admin.logentry", "pk": 173, "fields": {"action_time": "2022-01-21T10:08:44.894Z", "user": 1, "content_type": 9, "object_id": "3", "object_repr": "Product 3", "action_flag": 2, "change_message": "[{\"added\": {\"name\": \"product image\", \"object\": \"ProductImage object (18)\"}}, {\"deleted\": {\"name\": \"product image\", \"object\": \"ProductImage object (None)\"}}]"}}, {"model": "admin.logentry", "pk": 174, "fields": {"action_time": "2022-01-21T10:09:29.843Z", "user": 1, "content_type": 9, "object_id": "1", "object_repr": "Product 1", "action_flag": 2, "change_message": "[{\"added\": {\"name\": \"product image\", \"object\": \"ProductImage object (19)\"}}, {\"deleted\": {\"name\": \"product image\", \"object\": \"ProductImage object (None)\"}}]"}}, {"model": "admin.logentry", "pk": 175, "fields": {"action_time": "2022-01-21T10:10:05.554Z", "user": 1, "content_type": 9, "object_id": "10", "object_repr": "Product 10", "action_flag": 2, "change_message": "[{\"added\": {\"name\": \"product image\", \"object\": \"ProductImage object (20)\"}}, {\"deleted\": {\"name\": \"product image\", \"object\": \"ProductImage object (None)\"}}]"}}, {"model": "admin.logentry", "pk": 176, "fields": {"action_time": "2022-01-23T22:24:53.125Z", "user": 1, "content_type": 49, "object_id": "1", "object_repr": "Kətan", "action_flag": 1, "change_message": "[{\"added\": {}}]"}}, {"model": "admin.logentry", "pk": 177, "fields": {"action_time": "2022-01-23T22:25:46.494Z", "user": 1, "content_type": 49, "object_id": "2", "object_repr": "Kağız", "action_flag": 1, "change_message": "[{\"added\": {}}]"}}, {"model": "admin.logentry", "pk": 178, "fields": {"action_time": "2022-01-23T22:35:04.057Z", "user": 1, "content_type": 49, "object_id": "1", "object_repr": "Kətan", "action_flag": 2, "change_message": "[{\"changed\": {\"fields\": [\"Idd\", \"Idd2\"]}}]"}}, {"model": "admin.logentry", "pk": 179, "fields": {"action_time": "2022-01-23T22:35:55.911Z", "user": 1, "content_type": 49, "object_id": "1", "object_repr": "Kətan", "action_flag": 2, "change_message": "[{\"changed\": {\"fields\": [\"Iddd\"]}}]"}}, {"model": "admin.logentry", "pk": 180, "fields": {"action_time": "2022-01-23T22:36:10.603Z", "user": 1, "content_type": 49, "object_id": "1", "object_repr": "Kətan", "action_flag": 2, "change_message": "[]"}}, {"model": "admin.logentry", "pk": 181, "fields": {"action_time": "2022-01-23T22:36:25.662Z", "user": 1, "content_type": 49, "object_id": "2", "object_repr": "Kağız", "action_flag": 2, "change_message": "[{\"changed\": {\"fields\": [\"Idd\", \"Iddd\"]}}]"}}, {"model": "admin.logentry", "pk": 182, "fields": {"action_time": "2022-01-29T09:58:14.083Z", "user": 1, "content_type": 49, "object_id": "1", "object_repr": "Kətan", "action_flag": 2, "change_message": "[{\"changed\": {\"fields\": [\"Texture image\"]}}]"}}, {"model": "admin.logentry", "pk": 183, "fields": {"action_time": "2022-01-30T12:41:42.277Z", "user": 1, "content_type": 50, "object_id": "1", "object_repr": "1", "action_flag": 1, "change_message": "[{\"added\": {}}]"}}, {"model": "admin.logentry", "pk": 184, "fields": {"action_time": "2022-01-30T12:41:48.426Z", "user": 1, "content_type": 50, "object_id": "2", "object_repr": "2", "action_flag": 1, "change_message": "[{\"added\": {}}]"}}, {"model": "admin.logentry", "pk": 185, "fields": {"action_time": "2022-01-30T12:41:55.637Z", "user": 1, "content_type": 50, "object_id": "3", "object_repr": "3", "action_flag": 1, "change_message": "[{\"added\": {}}]"}}, {"model": "admin.logentry", "pk": 186, "fields": {"action_time": "2022-01-30T12:42:02.064Z", "user": 1, "content_type": 50, "object_id": "4", "object_repr": "4", "action_flag": 1, "change_message": "[{\"added\": {}}]"}}, {"model": "admin.logentry", "pk": 187, "fields": {"action_time": "2022-01-30T12:42:09.743Z", "user": 1, "content_type": 50, "object_id": "5", "object_repr": "5", "action_flag": 1, "change_message": "[{\"added\": {}}]"}}, {"model": "admin.logentry", "pk": 188, "fields": {"action_time": "2022-01-30T12:42:18.060Z", "user": 1, "content_type": 50, "object_id": "6", "object_repr": "6", "action_flag": 1, "change_message": "[{\"added\": {}}]"}}, {"model": "admin.logentry", "pk": 189, "fields": {"action_time": "2022-01-30T12:42:24.182Z", "user": 1, "content_type": 50, "object_id": "7", "object_repr": "7", "action_flag": 1, "change_message": "[{\"added\": {}}]"}}, {"model": "admin.logentry", "pk": 190, "fields": {"action_time": "2022-01-30T12:48:43.121Z", "user": 1, "content_type": 50, "object_id": "7", "object_repr": "7", "action_flag": 3, "change_message": ""}}, {"model": "admin.logentry", "pk": 191, "fields": {"action_time": "2022-01-30T12:49:01.207Z", "user": 1, "content_type": 50, "object_id": "8", "object_repr": "7", "action_flag": 1, "change_message": "[{\"added\": {}}]"}}, {"model": "admin.logentry", "pk": 192, "fields": {"action_time": "2022-01-30T12:52:35.282Z", "user": 1, "content_type": 50, "object_id": "8", "object_repr": "7", "action_flag": 2, "change_message": "[{\"changed\": {\"fields\": [\"Image\"]}}]"}}, {"model": "auth.permission", "pk": 1, "fields": {"name": "Can add log entry", "content_type": 1, "codename": "add_logentry"}}, {"model": "auth.permission", "pk": 2, "fields": {"name": "Can change log entry", "content_type": 1, "codename": "change_logentry"}}, {"model": "auth.permission", "pk": 3, "fields": {"name": "Can delete log entry", "content_type": 1, "codename": "delete_logentry"}}, {"model": "auth.permission", "pk": 4, "fields": {"name": "Can view log entry", "content_type": 1, "codename": "view_logentry"}}, {"model": "auth.permission", "pk": 5, "fields": {"name": "Can add permission", "content_type": 2, "codename": "add_permission"}}, {"model": "auth.permission", "pk": 6, "fields": {"name": "Can change permission", "content_type": 2, "codename": "change_permission"}}, {"model": "auth.permission", "pk": 7, "fields": {"name": "Can delete permission", "content_type": 2, "codename": "delete_permission"}}, {"model": "auth.permission", "pk": 8, "fields": {"name": "Can view permission", "content_type": 2, "codename": "view_permission"}}, {"model": "auth.permission", "pk": 9, "fields": {"name": "Can add group", "content_type": 3, "codename": "add_group"}}, {"model": "auth.permission", "pk": 10, "fields": {"name": "Can change group", "content_type": 3, "codename": "change_group"}}, {"model": "auth.permission", "pk": 11, "fields": {"name": "Can delete group", "content_type": 3, "codename": "delete_group"}}, {"model": "auth.permission", "pk": 12, "fields": {"name": "Can view group", "content_type": 3, "codename": "view_group"}}, {"model": "auth.permission", "pk": 13, "fields": {"name": "Can add user", "content_type": 4, "codename": "add_user"}}, {"model": "auth.permission", "pk": 14, "fields": {"name": "Can change user", "content_type": 4, "codename": "change_user"}}, {"model": "auth.permission", "pk": 15, "fields": {"name": "Can delete user", "content_type": 4, "codename": "delete_user"}}, {"model": "auth.permission", "pk": 16, "fields": {"name": "Can view user", "content_type": 4, "codename": "view_user"}}, {"model": "auth.permission", "pk": 17, "fields": {"name": "Can add content type", "content_type": 5, "codename": "add_contenttype"}}, {"model": "auth.permission", "pk": 18, "fields": {"name": "Can change content type", "content_type": 5, "codename": "change_contenttype"}}, {"model": "auth.permission", "pk": 19, "fields": {"name": "Can delete content type", "content_type": 5, "codename": "delete_contenttype"}}, {"model": "auth.permission", "pk": 20, "fields": {"name": "Can view content type", "content_type": 5, "codename": "view_contenttype"}}, {"model": "auth.permission", "pk": 21, "fields": {"name": "Can add session", "content_type": 6, "codename": "add_session"}}, {"model": "auth.permission", "pk": 22, "fields": {"name": "Can change session", "content_type": 6, "codename": "change_session"}}, {"model": "auth.permission", "pk": 23, "fields": {"name": "Can delete session", "content_type": 6, "codename": "delete_session"}}, {"model": "auth.permission", "pk": 24, "fields": {"name": "Can view session", "content_type": 6, "codename": "view_session"}}, {"model": "auth.permission", "pk": 25, "fields": {"name": "Can add category", "content_type": 7, "codename": "add_category"}}, {"model": "auth.permission", "pk": 26, "fields": {"name": "Can change category", "content_type": 7, "codename": "change_category"}}, {"model": "auth.permission", "pk": 27, "fields": {"name": "Can delete category", "content_type": 7, "codename": "delete_category"}}, {"model": "auth.permission", "pk": 28, "fields": {"name": "Can view category", "content_type": 7, "codename": "view_category"}}, {"model": "auth.permission", "pk": 29, "fields": {"name": "Can add product image", "content_type": 8, "codename": "add_productimage"}}, {"model": "auth.permission", "pk": 30, "fields": {"name": "Can change product image", "content_type": 8, "codename": "change_productimage"}}, {"model": "auth.permission", "pk": 31, "fields": {"name": "Can delete product image", "content_type": 8, "codename": "delete_productimage"}}, {"model": "auth.permission", "pk": 32, "fields": {"name": "Can view product image", "content_type": 8, "codename": "view_productimage"}}, {"model": "auth.permission", "pk": 33, "fields": {"name": "Can add product", "content_type": 9, "codename": "add_product"}}, {"model": "auth.permission", "pk": 34, "fields": {"name": "Can change product", "content_type": 9, "codename": "change_product"}}, {"model": "auth.permission", "pk": 35, "fields": {"name": "Can delete product", "content_type": 9, "codename": "delete_product"}}, {"model": "auth.permission", "pk": 36, "fields": {"name": "Can view product", "content_type": 9, "codename": "view_product"}}, {"model": "auth.permission", "pk": 37, "fields": {"name": "Can add sub sub category", "content_type": 10, "codename": "add_subsubcategory"}}, {"model": "auth.permission", "pk": 38, "fields": {"name": "Can change sub sub category", "content_type": 10, "codename": "change_subsubcategory"}}, {"model": "auth.permission", "pk": 39, "fields": {"name": "Can delete sub sub category", "content_type": 10, "codename": "delete_subsubcategory"}}, {"model": "auth.permission", "pk": 40, "fields": {"name": "Can view sub sub category", "content_type": 10, "codename": "view_subsubcategory"}}, {"model": "auth.permission", "pk": 41, "fields": {"name": "Can add sub category", "content_type": 11, "codename": "add_subcategory"}}, {"model": "auth.permission", "pk": 42, "fields": {"name": "Can change sub category", "content_type": 11, "codename": "change_subcategory"}}, {"model": "auth.permission", "pk": 43, "fields": {"name": "Can delete sub category", "content_type": 11, "codename": "delete_subcategory"}}, {"model": "auth.permission", "pk": 44, "fields": {"name": "Can view sub category", "content_type": 11, "codename": "view_subcategory"}}, {"model": "auth.permission", "pk": 45, "fields": {"name": "Can add sub room", "content_type": 12, "codename": "add_subroom"}}, {"model": "auth.permission", "pk": 46, "fields": {"name": "Can change sub room", "content_type": 12, "codename": "change_subroom"}}, {"model": "auth.permission", "pk": 47, "fields": {"name": "Can delete sub room", "content_type": 12, "codename": "delete_subroom"}}, {"model": "auth.permission", "pk": 48, "fields": {"name": "Can view sub room", "content_type": 12, "codename": "view_subroom"}}, {"model": "auth.permission", "pk": 49, "fields": {"name": "Can add room", "content_type": 13, "codename": "add_room"}}, {"model": "auth.permission", "pk": 50, "fields": {"name": "Can change room", "content_type": 13, "codename": "change_room"}}, {"model": "auth.permission", "pk": 51, "fields": {"name": "Can delete room", "content_type": 13, "codename": "delete_room"}}, {"model": "auth.permission", "pk": 52, "fields": {"name": "Can view room", "content_type": 13, "codename": "view_room"}}, {"model": "auth.permission", "pk": 53, "fields": {"name": "Can add general", "content_type": 14, "codename": "add_general"}}, {"model": "auth.permission", "pk": 54, "fields": {"name": "Can change general", "content_type": 14, "codename": "change_general"}}, {"model": "auth.permission", "pk": 55, "fields": {"name": "Can delete general", "content_type": 14, "codename": "delete_general"}}, {"model": "auth.permission", "pk": 56, "fields": {"name": "Can view general", "content_type": 14, "codename": "view_general"}}, {"model": "auth.permission", "pk": 57, "fields": {"name": "Can add client", "content_type": 15, "codename": "add_client"}}, {"model": "auth.permission", "pk": 58, "fields": {"name": "Can change client", "content_type": 15, "codename": "change_client"}}, {"model": "auth.permission", "pk": 59, "fields": {"name": "Can delete client", "content_type": 15, "codename": "delete_client"}}, {"model": "auth.permission", "pk": 60, "fields": {"name": "Can view client", "content_type": 15, "codename": "view_client"}}, {"model": "auth.permission", "pk": 61, "fields": {"name": "Can add social", "content_type": 16, "codename": "add_social"}}, {"model": "auth.permission", "pk": 62, "fields": {"name": "Can change social", "content_type": 16, "codename": "change_social"}}, {"model": "auth.permission", "pk": 63, "fields": {"name": "Can delete social", "content_type": 16, "codename": "delete_social"}}, {"model": "auth.permission", "pk": 64, "fields": {"name": "Can view social", "content_type": 16, "codename": "view_social"}}, {"model": "auth.permission", "pk": 65, "fields": {"name": "Can add color", "content_type": 17, "codename": "add_color"}}, {"model": "auth.permission", "pk": 66, "fields": {"name": "Can change color", "content_type": 17, "codename": "change_color"}}, {"model": "auth.permission", "pk": 67, "fields": {"name": "Can delete color", "content_type": 17, "codename": "delete_color"}}, {"model": "auth.permission", "pk": 68, "fields": {"name": "Can view color", "content_type": 17, "codename": "view_color"}}, {"model": "auth.permission", "pk": 69, "fields": {"name": "Can add Yazılan Mesajlar", "content_type": 18, "codename": "add_contact"}}, {"model": "auth.permission", "pk": 70, "fields": {"name": "Can change Yazılan Mesajlar", "content_type": 18, "codename": "change_contact"}}, {"model": "auth.permission", "pk": 71, "fields": {"name": "Can delete Yazılan Mesajlar", "content_type": 18, "codename": "delete_contact"}}, {"model": "auth.permission", "pk": 72, "fields": {"name": "Can view Yazılan Mesajlar", "content_type": 18, "codename": "view_contact"}}, {"model": "auth.permission", "pk": 73, "fields": {"name": "Can add Sifarişlər", "content_type": 19, "codename": "add_order"}}, {"model": "auth.permission", "pk": 74, "fields": {"name": "Can change Sifarişlər", "content_type": 19, "codename": "change_order"}}, {"model": "auth.permission", "pk": 75, "fields": {"name": "Can delete Sifarişlər", "content_type": 19, "codename": "delete_order"}}, {"model": "auth.permission", "pk": 76, "fields": {"name": "Can view Sifarişlər", "content_type": 19, "codename": "view_order"}}, {"model": "auth.permission", "pk": 77, "fields": {"name": "Can add Language backup", "content_type": 20, "codename": "add_translationbackup"}}, {"model": "auth.permission", "pk": 78, "fields": {"name": "Can change Language backup", "content_type": 20, "codename": "change_translationbackup"}}, {"model": "auth.permission", "pk": 79, "fields": {"name": "Can delete Language backup", "content_type": 20, "codename": "delete_translationbackup"}}, {"model": "auth.permission", "pk": 80, "fields": {"name": "Can view Language backup", "content_type": 20, "codename": "view_translationbackup"}}, {"model": "auth.permission", "pk": 81, "fields": {"name": "Can add Translation entry", "content_type": 21, "codename": "add_translationentry"}}, {"model": "auth.permission", "pk": 82, "fields": {"name": "Can change Translation entry", "content_type": 21, "codename": "change_translationentry"}}, {"model": "auth.permission", "pk": 83, "fields": {"name": "Can delete Translation entry", "content_type": 21, "codename": "delete_translationentry"}}, {"model": "auth.permission", "pk": 84, "fields": {"name": "Can view Translation entry", "content_type": 21, "codename": "view_translationentry"}}, {"model": "auth.permission", "pk": 85, "fields": {"name": "admin-translation_entry-load-from-po", "content_type": 21, "codename": "load"}}, {"model": "auth.permission", "pk": 86, "fields": {"name": "Can add remote translation entry", "content_type": 22, "codename": "add_remotetranslationentry"}}, {"model": "auth.permission", "pk": 87, "fields": {"name": "Can change remote translation entry", "content_type": 22, "codename": "change_remotetranslationentry"}}, {"model": "auth.permission", "pk": 88, "fields": {"name": "Can delete remote translation entry", "content_type": 22, "codename": "delete_remotetranslationentry"}}, {"model": "auth.permission", "pk": 89, "fields": {"name": "Can view remote translation entry", "content_type": 22, "codename": "view_remotetranslationentry"}}, {"model": "auth.permission", "pk": 90, "fields": {"name": "admin-translation_entry-sync", "content_type": 22, "codename": "sync"}}, {"model": "auth.permission", "pk": 91, "fields": {"name": "Can add proxy translation entry", "content_type": 23, "codename": "add_proxytranslationentry"}}, {"model": "auth.permission", "pk": 92, "fields": {"name": "Can change proxy translation entry", "content_type": 23, "codename": "change_proxytranslationentry"}}, {"model": "auth.permission", "pk": 93, "fields": {"name": "Can delete proxy translation entry", "content_type": 23, "codename": "delete_proxytranslationentry"}}, {"model": "auth.permission", "pk": 94, "fields": {"name": "Can view proxy translation entry", "content_type": 23, "codename": "view_proxytranslationentry"}}, {"model": "auth.permission", "pk": 95, "fields": {"name": "Can add translation", "content_type": 24, "codename": "add_translation"}}, {"model": "auth.permission", "pk": 96, "fields": {"name": "Can change translation", "content_type": 24, "codename": "change_translation"}}, {"model": "auth.permission", "pk": 97, "fields": {"name": "Can delete translation", "content_type": 24, "codename": "delete_translation"}}, {"model": "auth.permission", "pk": 98, "fields": {"name": "Can view translation", "content_type": 24, "codename": "view_translation"}}, {"model": "auth.permission", "pk": 99, "fields": {"name": "Can add product", "content_type": 25, "codename": "add_product"}}, {"model": "auth.permission", "pk": 100, "fields": {"name": "Can change product", "content_type": 25, "codename": "change_product"}}, {"model": "auth.permission", "pk": 101, "fields": {"name": "Can delete product", "content_type": 25, "codename": "delete_product"}}, {"model": "auth.permission", "pk": 102, "fields": {"name": "Can view product", "content_type": 25, "codename": "view_product"}}, {"model": "auth.permission", "pk": 103, "fields": {"name": "Can add product", "content_type": 26, "codename": "add_product"}}, {"model": "auth.permission", "pk": 104, "fields": {"name": "Can change product", "content_type": 26, "codename": "change_product"}}, {"model": "auth.permission", "pk": 105, "fields": {"name": "Can delete product", "content_type": 26, "codename": "delete_product"}}, {"model": "auth.permission", "pk": 106, "fields": {"name": "Can view product", "content_type": 26, "codename": "view_product"}}, {"model": "auth.permission", "pk": 107, "fields": {"name": "Can add product", "content_type": 27, "codename": "add_product"}}, {"model": "auth.permission", "pk": 108, "fields": {"name": "Can change product", "content_type": 27, "codename": "change_product"}}, {"model": "auth.permission", "pk": 109, "fields": {"name": "Can delete product", "content_type": 27, "codename": "delete_product"}}, {"model": "auth.permission", "pk": 110, "fields": {"name": "Can view product", "content_type": 27, "codename": "view_product"}}, {"model": "auth.permission", "pk": 111, "fields": {"name": "Can add product", "content_type": 28, "codename": "add_product"}}, {"model": "auth.permission", "pk": 112, "fields": {"name": "Can change product", "content_type": 28, "codename": "change_product"}}, {"model": "auth.permission", "pk": 113, "fields": {"name": "Can delete product", "content_type": 28, "codename": "delete_product"}}, {"model": "auth.permission", "pk": 114, "fields": {"name": "Can view product", "content_type": 28, "codename": "view_product"}}, {"model": "auth.permission", "pk": 115, "fields": {"name": "Can add product", "content_type": 29, "codename": "add_product"}}, {"model": "auth.permission", "pk": 116, "fields": {"name": "Can change product", "content_type": 29, "codename": "change_product"}}, {"model": "auth.permission", "pk": 117, "fields": {"name": "Can delete product", "content_type": 29, "codename": "delete_product"}}, {"model": "auth.permission", "pk": 118, "fields": {"name": "Can view product", "content_type": 29, "codename": "view_product"}}, {"model": "auth.permission", "pk": 119, "fields": {"name": "Can add product", "content_type": 30, "codename": "add_product"}}, {"model": "auth.permission", "pk": 120, "fields": {"name": "Can change product", "content_type": 30, "codename": "change_product"}}, {"model": "auth.permission", "pk": 121, "fields": {"name": "Can delete product", "content_type": 30, "codename": "delete_product"}}, {"model": "auth.permission", "pk": 122, "fields": {"name": "Can view product", "content_type": 30, "codename": "view_product"}}, {"model": "auth.permission", "pk": 123, "fields": {"name": "Can add ev dekor product", "content_type": 25, "codename": "add_evdekorproduct"}}, {"model": "auth.permission", "pk": 124, "fields": {"name": "Can change ev dekor product", "content_type": 25, "codename": "change_evdekorproduct"}}, {"model": "auth.permission", "pk": 125, "fields": {"name": "Can delete ev dekor product", "content_type": 25, "codename": "delete_evdekorproduct"}}, {"model": "auth.permission", "pk": 126, "fields": {"name": "Can view ev dekor product", "content_type": 25, "codename": "view_evdekorproduct"}}, {"model": "auth.permission", "pk": 127, "fields": {"name": "Can add exclusive product", "content_type": 26, "codename": "add_exclusiveproduct"}}, {"model": "auth.permission", "pk": 128, "fields": {"name": "Can change exclusive product", "content_type": 26, "codename": "change_exclusiveproduct"}}, {"model": "auth.permission", "pk": 129, "fields": {"name": "Can delete exclusive product", "content_type": 26, "codename": "delete_exclusiveproduct"}}, {"model": "auth.permission", "pk": 130, "fields": {"name": "Can view exclusive product", "content_type": 26, "codename": "view_exclusiveproduct"}}, {"model": "auth.permission", "pk": 131, "fields": {"name": "Can add foto oboy product", "content_type": 27, "codename": "add_fotooboyproduct"}}, {"model": "auth.permission", "pk": 132, "fields": {"name": "Can change foto oboy product", "content_type": 27, "codename": "change_fotooboyproduct"}}, {"model": "auth.permission", "pk": 133, "fields": {"name": "Can delete foto oboy product", "content_type": 27, "codename": "delete_fotooboyproduct"}}, {"model": "auth.permission", "pk": 134, "fields": {"name": "Can view foto oboy product", "content_type": 27, "codename": "view_fotooboyproduct"}}, {"model": "auth.permission", "pk": 135, "fields": {"name": "Can add self tablo product", "content_type": 28, "codename": "add_selftabloproduct"}}, {"model": "auth.permission", "pk": 136, "fields": {"name": "Can change self tablo product", "content_type": 28, "codename": "change_selftabloproduct"}}, {"model": "auth.permission", "pk": 137, "fields": {"name": "Can delete self tablo product", "content_type": 28, "codename": "delete_selftabloproduct"}}, {"model": "auth.permission", "pk": 138, "fields": {"name": "Can view self tablo product", "content_type": 28, "codename": "view_selftabloproduct"}}, {"model": "auth.permission", "pk": 139, "fields": {"name": "Can add skinali product", "content_type": 29, "codename": "add_skinaliproduct"}}, {"model": "auth.permission", "pk": 140, "fields": {"name": "Can change skinali product", "content_type": 29, "codename": "change_skinaliproduct"}}, {"model": "auth.permission", "pk": 141, "fields": {"name": "Can delete skinali product", "content_type": 29, "codename": "delete_skinaliproduct"}}, {"model": "auth.permission", "pk": 142, "fields": {"name": "Can view skinali product", "content_type": 29, "codename": "view_skinaliproduct"}}, {"model": "auth.permission", "pk": 143, "fields": {"name": "Can add tablo product", "content_type": 30, "codename": "add_tabloproduct"}}, {"model": "auth.permission", "pk": 144, "fields": {"name": "Can change tablo product", "content_type": 30, "codename": "change_tabloproduct"}}, {"model": "auth.permission", "pk": 145, "fields": {"name": "Can delete tablo product", "content_type": 30, "codename": "delete_tabloproduct"}}, {"model": "auth.permission", "pk": 146, "fields": {"name": "Can view tablo product", "content_type": 30, "codename": "view_tabloproduct"}}, {"model": "auth.permission", "pk": 147, "fields": {"name": "Can add ev dekor product image", "content_type": 31, "codename": "add_evdekorproductimage"}}, {"model": "auth.permission", "pk": 148, "fields": {"name": "Can change ev dekor product image", "content_type": 31, "codename": "change_evdekorproductimage"}}, {"model": "auth.permission", "pk": 149, "fields": {"name": "Can delete ev dekor product image", "content_type": 31, "codename": "delete_evdekorproductimage"}}, {"model": "auth.permission", "pk": 150, "fields": {"name": "Can view ev dekor product image", "content_type": 31, "codename": "view_evdekorproductimage"}}, {"model": "auth.permission", "pk": 151, "fields": {"name": "Can add exclusive product image", "content_type": 32, "codename": "add_exclusiveproductimage"}}, {"model": "auth.permission", "pk": 152, "fields": {"name": "Can change exclusive product image", "content_type": 32, "codename": "change_exclusiveproductimage"}}, {"model": "auth.permission", "pk": 153, "fields": {"name": "Can delete exclusive product image", "content_type": 32, "codename": "delete_exclusiveproductimage"}}, {"model": "auth.permission", "pk": 154, "fields": {"name": "Can view exclusive product image", "content_type": 32, "codename": "view_exclusiveproductimage"}}, {"model": "auth.permission", "pk": 155, "fields": {"name": "Can add foto oboy product image", "content_type": 33, "codename": "add_fotooboyproductimage"}}, {"model": "auth.permission", "pk": 156, "fields": {"name": "Can change foto oboy product image", "content_type": 33, "codename": "change_fotooboyproductimage"}}, {"model": "auth.permission", "pk": 157, "fields": {"name": "Can delete foto oboy product image", "content_type": 33, "codename": "delete_fotooboyproductimage"}}, {"model": "auth.permission", "pk": 158, "fields": {"name": "Can view foto oboy product image", "content_type": 33, "codename": "view_fotooboyproductimage"}}, {"model": "auth.permission", "pk": 159, "fields": {"name": "Can add self tablo product image", "content_type": 34, "codename": "add_selftabloproductimage"}}, {"model": "auth.permission", "pk": 160, "fields": {"name": "Can change self tablo product image", "content_type": 34, "codename": "change_selftabloproductimage"}}, {"model": "auth.permission", "pk": 161, "fields": {"name": "Can delete self tablo product image", "content_type": 34, "codename": "delete_selftabloproductimage"}}, {"model": "auth.permission", "pk": 162, "fields": {"name": "Can view self tablo product image", "content_type": 34, "codename": "view_selftabloproductimage"}}, {"model": "auth.permission", "pk": 163, "fields": {"name": "Can add skinali product image", "content_type": 35, "codename": "add_skinaliproductimage"}}, {"model": "auth.permission", "pk": 164, "fields": {"name": "Can change skinali product image", "content_type": 35, "codename": "change_skinaliproductimage"}}, {"model": "auth.permission", "pk": 165, "fields": {"name": "Can delete skinali product image", "content_type": 35, "codename": "delete_skinaliproductimage"}}, {"model": "auth.permission", "pk": 166, "fields": {"name": "Can view skinali product image", "content_type": 35, "codename": "view_skinaliproductimage"}}, {"model": "auth.permission", "pk": 167, "fields": {"name": "Can add tablo product image", "content_type": 36, "codename": "add_tabloproductimage"}}, {"model": "auth.permission", "pk": 168, "fields": {"name": "Can change tablo product image", "content_type": 36, "codename": "change_tabloproductimage"}}, {"model": "auth.permission", "pk": 169, "fields": {"name": "Can delete tablo product image", "content_type": 36, "codename": "delete_tabloproductimage"}}, {"model": "auth.permission", "pk": 170, "fields": {"name": "Can view tablo product image", "content_type": 36, "codename": "view_tabloproductimage"}}, {"model": "auth.permission", "pk": 171, "fields": {"name": "Can add Məhsullar - EV ÜÇÜN DEKOR", "content_type": 37, "codename": "add_evdekorproduct"}}, {"model": "auth.permission", "pk": 172, "fields": {"name": "Can change Məhsullar - EV ÜÇÜN DEKOR", "content_type": 37, "codename": "change_evdekorproduct"}}, {"model": "auth.permission", "pk": 173, "fields": {"name": "Can delete Məhsullar - EV ÜÇÜN DEKOR", "content_type": 37, "codename": "delete_evdekorproduct"}}, {"model": "auth.permission", "pk": 174, "fields": {"name": "Can view Məhsullar - EV ÜÇÜN DEKOR", "content_type": 37, "codename": "view_evdekorproduct"}}, {"model": "auth.permission", "pk": 175, "fields": {"name": "Can add ev dekor product image", "content_type": 38, "codename": "add_evdekorproductimage"}}, {"model": "auth.permission", "pk": 176, "fields": {"name": "Can change ev dekor product image", "content_type": 38, "codename": "change_evdekorproductimage"}}, {"model": "auth.permission", "pk": 177, "fields": {"name": "Can delete ev dekor product image", "content_type": 38, "codename": "delete_evdekorproductimage"}}, {"model": "auth.permission", "pk": 178, "fields": {"name": "Can view ev dekor product image", "content_type": 38, "codename": "view_evdekorproductimage"}}, {"model": "auth.permission", "pk": 179, "fields": {"name": "Can add Məhsullar - EXCLUSİVE ƏL İŞLƏRİ", "content_type": 39, "codename": "add_exclusiveproduct"}}, {"model": "auth.permission", "pk": 180, "fields": {"name": "Can change Məhsullar - EXCLUSİVE ƏL İŞLƏRİ", "content_type": 39, "codename": "change_exclusiveproduct"}}, {"model": "auth.permission", "pk": 181, "fields": {"name": "Can delete Məhsullar - EXCLUSİVE ƏL İŞLƏRİ", "content_type": 39, "codename": "delete_exclusiveproduct"}}, {"model": "auth.permission", "pk": 182, "fields": {"name": "Can view Məhsullar - EXCLUSİVE ƏL İŞLƏRİ", "content_type": 39, "codename": "view_exclusiveproduct"}}, {"model": "auth.permission", "pk": 183, "fields": {"name": "Can add Məhsullar - FOTOOBOY VE FRESKA", "content_type": 40, "codename": "add_fotooboyproduct"}}, {"model": "auth.permission", "pk": 184, "fields": {"name": "Can change Məhsullar - FOTOOBOY VE FRESKA", "content_type": 40, "codename": "change_fotooboyproduct"}}, {"model": "auth.permission", "pk": 185, "fields": {"name": "Can delete Məhsullar - FOTOOBOY VE FRESKA", "content_type": 40, "codename": "delete_fotooboyproduct"}}, {"model": "auth.permission", "pk": 186, "fields": {"name": "Can view Məhsullar - FOTOOBOY VE FRESKA", "content_type": 40, "codename": "view_fotooboyproduct"}}, {"model": "auth.permission", "pk": 187, "fields": {"name": "Can add Məhsullar - ÖZ ŞƏKİLİNİZ İLƏ TABLO", "content_type": 41, "codename": "add_selftabloproduct"}}, {"model": "auth.permission", "pk": 188, "fields": {"name": "Can change Məhsullar - ÖZ ŞƏKİLİNİZ İLƏ TABLO", "content_type": 41, "codename": "change_selftabloproduct"}}, {"model": "auth.permission", "pk": 189, "fields": {"name": "Can delete Məhsullar - ÖZ ŞƏKİLİNİZ İLƏ TABLO", "content_type": 41, "codename": "delete_selftabloproduct"}}, {"model": "auth.permission", "pk": 190, "fields": {"name": "Can view Məhsullar - ÖZ ŞƏKİLİNİZ İLƏ TABLO", "content_type": 41, "codename": "view_selftabloproduct"}}, {"model": "auth.permission", "pk": 191, "fields": {"name": "Can add Məhsullar - SKİNALİ", "content_type": 42, "codename": "add_skinaliproduct"}}, {"model": "auth.permission", "pk": 192, "fields": {"name": "Can change Məhsullar - SKİNALİ", "content_type": 42, "codename": "change_skinaliproduct"}}, {"model": "auth.permission", "pk": 193, "fields": {"name": "Can delete Məhsullar - SKİNALİ", "content_type": 42, "codename": "delete_skinaliproduct"}}, {"model": "auth.permission", "pk": 194, "fields": {"name": "Can view Məhsullar - SKİNALİ", "content_type": 42, "codename": "view_skinaliproduct"}}, {"model": "auth.permission", "pk": 195, "fields": {"name": "Can add Məhsullar - TABLO VƏ ÇƏRÇİVƏLƏR", "content_type": 43, "codename": "add_tabloproduct"}}, {"model": "auth.permission", "pk": 196, "fields": {"name": "Can change Məhsullar - TABLO VƏ ÇƏRÇİVƏLƏR", "content_type": 43, "codename": "change_tabloproduct"}}, {"model": "auth.permission", "pk": 197, "fields": {"name": "Can delete Məhsullar - TABLO VƏ ÇƏRÇİVƏLƏR", "content_type": 43, "codename": "delete_tabloproduct"}}, {"model": "auth.permission", "pk": 198, "fields": {"name": "Can view Məhsullar - TABLO VƏ ÇƏRÇİVƏLƏR", "content_type": 43, "codename": "view_tabloproduct"}}, {"model": "auth.permission", "pk": 199, "fields": {"name": "Can add tablo product image", "content_type": 44, "codename": "add_tabloproductimage"}}, {"model": "auth.permission", "pk": 200, "fields": {"name": "Can change tablo product image", "content_type": 44, "codename": "change_tabloproductimage"}}, {"model": "auth.permission", "pk": 201, "fields": {"name": "Can delete tablo product image", "content_type": 44, "codename": "delete_tabloproductimage"}}, {"model": "auth.permission", "pk": 202, "fields": {"name": "Can view tablo product image", "content_type": 44, "codename": "view_tabloproductimage"}}, {"model": "auth.permission", "pk": 203, "fields": {"name": "Can add skinali product image", "content_type": 45, "codename": "add_skinaliproductimage"}}, {"model": "auth.permission", "pk": 204, "fields": {"name": "Can change skinali product image", "content_type": 45, "codename": "change_skinaliproductimage"}}, {"model": "auth.permission", "pk": 205, "fields": {"name": "Can delete skinali product image", "content_type": 45, "codename": "delete_skinaliproductimage"}}, {"model": "auth.permission", "pk": 206, "fields": {"name": "Can view skinali product image", "content_type": 45, "codename": "view_skinaliproductimage"}}, {"model": "auth.permission", "pk": 207, "fields": {"name": "Can add self tablo product image", "content_type": 46, "codename": "add_selftabloproductimage"}}, {"model": "auth.permission", "pk": 208, "fields": {"name": "Can change self tablo product image", "content_type": 46, "codename": "change_selftabloproductimage"}}, {"model": "auth.permission", "pk": 209, "fields": {"name": "Can delete self tablo product image", "content_type": 46, "codename": "delete_selftabloproductimage"}}, {"model": "auth.permission", "pk": 210, "fields": {"name": "Can view self tablo product image", "content_type": 46, "codename": "view_selftabloproductimage"}}, {"model": "auth.permission", "pk": 211, "fields": {"name": "Can add foto oboy product image", "content_type": 47, "codename": "add_fotooboyproductimage"}}, {"model": "auth.permission", "pk": 212, "fields": {"name": "Can change foto oboy product image", "content_type": 47, "codename": "change_fotooboyproductimage"}}, {"model": "auth.permission", "pk": 213, "fields": {"name": "Can delete foto oboy product image", "content_type": 47, "codename": "delete_fotooboyproductimage"}}, {"model": "auth.permission", "pk": 214, "fields": {"name": "Can view foto oboy product image", "content_type": 47, "codename": "view_fotooboyproductimage"}}, {"model": "auth.permission", "pk": 215, "fields": {"name": "Can add exclusive product image", "content_type": 48, "codename": "add_exclusiveproductimage"}}, {"model": "auth.permission", "pk": 216, "fields": {"name": "Can change exclusive product image", "content_type": 48, "codename": "change_exclusiveproductimage"}}, {"model": "auth.permission", "pk": 217, "fields": {"name": "Can delete exclusive product image", "content_type": 48, "codename": "delete_exclusiveproductimage"}}, {"model": "auth.permission", "pk": 218, "fields": {"name": "Can view exclusive product image", "content_type": 48, "codename": "view_exclusiveproductimage"}}, {"model": "auth.permission", "pk": 219, "fields": {"name": "Can add Materiallar - FOTOOBOY VE FRESKA", "content_type": 49, "codename": "add_material"}}, {"model": "auth.permission", "pk": 220, "fields": {"name": "Can change Materiallar - FOTOOBOY VE FRESKA", "content_type": 49, "codename": "change_material"}}, {"model": "auth.permission", "pk": 221, "fields": {"name": "Can delete Materiallar - FOTOOBOY VE FRESKA", "content_type": 49, "codename": "delete_material"}}, {"model": "auth.permission", "pk": 222, "fields": {"name": "Can view Materiallar - FOTOOBOY VE FRESKA", "content_type": 49, "codename": "view_material"}}, {"model": "auth.permission", "pk": 223, "fields": {"name": "Can add interier", "content_type": 50, "codename": "add_interier"}}, {"model": "auth.permission", "pk": 224, "fields": {"name": "Can change interier", "content_type": 50, "codename": "change_interier"}}, {"model": "auth.permission", "pk": 225, "fields": {"name": "Can delete interier", "content_type": 50, "codename": "delete_interier"}}, {"model": "auth.permission", "pk": 226, "fields": {"name": "Can view interier", "content_type": 50, "codename": "view_interier"}}, {"model": "auth.user", "pk": 1, "fields": {"password": "pbkdf2_sha256$260000$aLDH8lqYOLtBs3aqZXOqGW$8D+Dvjxv5EdqFO1enwRFag+VqOCQJ4ySFQDOw7PlWnU=", "last_login": "2022-04-05T13:12:09.432Z", "is_superuser": true, "username": "alvinseyidov", "first_name": "", "last_name": "", "email": "", "is_staff": true, "is_active": true, "date_joined": "2022-01-04T16:04:54.181Z", "groups": [], "user_permissions": []}}, {"model": "contenttypes.contenttype", "pk": 1, "fields": {"app_label": "admin", "model": "logentry"}}, {"model": "contenttypes.contenttype", "pk": 2, "fields": {"app_label": "auth", "model": "permission"}}, {"model": "contenttypes.contenttype", "pk": 3, "fields": {"app_label": "auth", "model": "group"}}, {"model": "contenttypes.contenttype", "pk": 4, "fields": {"app_label": "auth", "model": "user"}}, {"model": "contenttypes.contenttype", "pk": 5, "fields": {"app_label": "contenttypes", "model": "contenttype"}}, {"model": "contenttypes.contenttype", "pk": 6, "fields": {"app_label": "sessions", "model": "session"}}, {"model": "contenttypes.contenttype", "pk": 7, "fields": {"app_label": "product", "model": "category"}}, {"model": "contenttypes.contenttype", "pk": 8, "fields": {"app_label": "product", "model": "productimage"}}, {"model": "contenttypes.contenttype", "pk": 9, "fields": {"app_label": "product", "model": "product"}}, {"model": "contenttypes.contenttype", "pk": 10, "fields": {"app_label": "product", "model": "subsubcategory"}}, {"model": "contenttypes.contenttype", "pk": 11, "fields": {"app_label": "product", "model": "subcategory"}}, {"model": "contenttypes.contenttype", "pk": 12, "fields": {"app_label": "product", "model": "subroom"}}, {"model": "contenttypes.contenttype", "pk": 13, "fields": {"app_label": "product", "model": "room"}}, {"model": "contenttypes.contenttype", "pk": 14, "fields": {"app_label": "home", "model": "general"}}, {"model": "contenttypes.contenttype", "pk": 15, "fields": {"app_label": "home", "model": "client"}}, {"model": "contenttypes.contenttype", "pk": 16, "fields": {"app_label": "home", "model": "social"}}, {"model": "contenttypes.contenttype", "pk": 17, "fields": {"app_label": "product", "model": "color"}}, {"model": "contenttypes.contenttype", "pk": 18, "fields": {"app_label": "home", "model": "contact"}}, {"model": "contenttypes.contenttype", "pk": 19, "fields": {"app_label": "home", "model": "order"}}, {"model": "contenttypes.contenttype", "pk": 20, "fields": {"app_label": "translation_manager", "model": "translationbackup"}}, {"model": "contenttypes.contenttype", "pk": 21, "fields": {"app_label": "translation_manager", "model": "translationentry"}}, {"model": "contenttypes.contenttype", "pk": 22, "fields": {"app_label": "translation_manager", "model": "remotetranslationentry"}}, {"model": "contenttypes.contenttype", "pk": 23, "fields": {"app_label": "translation_manager", "model": "proxytranslationentry"}}, {"model": "contenttypes.contenttype", "pk": 24, "fields": {"app_label": "translations", "model": "translation"}}, {"model": "contenttypes.contenttype", "pk": 25, "fields": {"app_label": "evdekor", "model": "evdekorproduct"}}, {"model": "contenttypes.contenttype", "pk": 26, "fields": {"app_label": "exclusive", "model": "exclusiveproduct"}}, {"model": "contenttypes.contenttype", "pk": 27, "fields": {"app_label": "fotooboy", "model": "fotooboyproduct"}}, {"model": "contenttypes.contenttype", "pk": 28, "fields": {"app_label": "selftablo", "model": "selftabloproduct"}}, {"model": "contenttypes.contenttype", "pk": 29, "fields": {"app_label": "skinali", "model": "skinaliproduct"}}, {"model": "contenttypes.contenttype", "pk": 30, "fields": {"app_label": "tablo", "model": "tabloproduct"}}, {"model": "contenttypes.contenttype", "pk": 31, "fields": {"app_label": "evdekor", "model": "evdekorproductimage"}}, {"model": "contenttypes.contenttype", "pk": 32, "fields": {"app_label": "exclusive", "model": "exclusiveproductimage"}}, {"model": "contenttypes.contenttype", "pk": 33, "fields": {"app_label": "fotooboy", "model": "fotooboyproductimage"}}, {"model": "contenttypes.contenttype", "pk": 34, "fields": {"app_label": "selftablo", "model": "selftabloproductimage"}}, {"model": "contenttypes.contenttype", "pk": 35, "fields": {"app_label": "skinali", "model": "skinaliproductimage"}}, {"model": "contenttypes.contenttype", "pk": 36, "fields": {"app_label": "tablo", "model": "tabloproductimage"}}, {"model": "contenttypes.contenttype", "pk": 37, "fields": {"app_label": "product", "model": "evdekorproduct"}}, {"model": "contenttypes.contenttype", "pk": 38, "fields": {"app_label": "product", "model": "evdekorproductimage"}}, {"model": "contenttypes.contenttype", "pk": 39, "fields": {"app_label": "product", "model": "exclusiveproduct"}}, {"model": "contenttypes.contenttype", "pk": 40, "fields": {"app_label": "product", "model": "fotooboyproduct"}}, {"model": "contenttypes.contenttype", "pk": 41, "fields": {"app_label": "product", "model": "selftabloproduct"}}, {"model": "contenttypes.contenttype", "pk": 42, "fields": {"app_label": "product", "model": "skinaliproduct"}}, {"model": "contenttypes.contenttype", "pk": 43, "fields": {"app_label": "product", "model": "tabloproduct"}}, {"model": "contenttypes.contenttype", "pk": 44, "fields": {"app_label": "product", "model": "tabloproductimage"}}, {"model": "contenttypes.contenttype", "pk": 45, "fields": {"app_label": "product", "model": "skinaliproductimage"}}, {"model": "contenttypes.contenttype", "pk": 46, "fields": {"app_label": "product", "model": "selftabloproductimage"}}, {"model": "contenttypes.contenttype", "pk": 47, "fields": {"app_label": "product", "model": "fotooboyproductimage"}}, {"model": "contenttypes.contenttype", "pk": 48, "fields": {"app_label": "product", "model": "exclusiveproductimage"}}, {"model": "contenttypes.contenttype", "pk": 49, "fields": {"app_label": "product", "model": "material"}}, {"model": "contenttypes.contenttype", "pk": 50, "fields": {"app_label": "product", "model": "interier"}}, {"model": "sessions.session", "pk": "anzlcme2u1coa1m7828cq02hvhrv71de", "fields": {"session_data": ".eJxVjDsOwjAQBe_iGlle_F1K-pzB8tobHECOFCcV4u4QKQW0b2beS8S0rTVunZc4FXERIE6_G6X84LaDck_tNss8t3WZSO6KPGiXw1z4eT3cv4Oaev3WhN6SZp8tKkvMY0YLZ4XaGTNCNoiBvEZFxWrDCYpRmIENOgeBfRDvD9YPNzE:1n4n1i:KUHbshO4eLboz3FjzKCkS_ZclGMsZ0s41_zn_rz9vAI", "expire_date": "2022-01-18T16:51:10.768Z"}}, {"model": "sessions.session", "pk": "dk45o1wwz6z8w8j6bfqscmiorr8dq1t1", "fields": {"session_data": ".eJxVjDsOwjAQBe_iGlle_F1K-pzB8tobHECOFCcV4u4QKQW0b2beS8S0rTVunZc4FXERIE6_G6X84LaDck_tNss8t3WZSO6KPGiXw1z4eT3cv4Oaev3WhN6SZp8tKkvMY0YLZ4XaGTNCNoiBvEZFxWrDCYpRmIENOgeBfRDvD9YPNzE:1nbiyf:ww0OlIXFyhT2XoApTuiBtFiZa28-c0TYfmJykdkU8zo", "expire_date": "2022-04-19T13:12:09.437Z"}}, {"model": "sessions.session", "pk": "qrt83ilnwglfxiq5oksbdea1mhviz6jk", "fields": {"session_data": ".eJxVjDsOwjAQBe_iGlle_F1K-pzB8tobHECOFCcV4u4QKQW0b2beS8S0rTVunZc4FXERIE6_G6X84LaDck_tNss8t3WZSO6KPGiXw1z4eT3cv4Oaev3WhN6SZp8tKkvMY0YLZ4XaGTNCNoiBvEZFxWrDCYpRmIENOgeBfRDvD9YPNzE:1nE9VY:GNcru5EOg6tVcDr9YZ_m8cd-Y1uE83cAER6QDCpjSSY", "expire_date": "2022-02-13T12:40:40.177Z"}}, {"model": "sessions.session", "pk": "qx0g6csg39aw9il6alk8ldeztbs287o4", "fields": {"session_data": ".eJxVjDsOwjAQBe_iGlle_F1K-pzB8tobHECOFCcV4u4QKQW0b2beS8S0rTVunZc4FXERIE6_G6X84LaDck_tNss8t3WZSO6KPGiXw1z4eT3cv4Oaev3WhN6SZp8tKkvMY0YLZ4XaGTNCNoiBvEZFxWrDCYpRmIENOgeBfRDvD9YPNzE:1nAbAb:Nb9jgSpwmC7e06tyz4HBNqS9QGub0Fa-GuccGzOlpcQ", "expire_date": "2022-02-03T17:24:21.891Z"}}, {"model": "sessions.session", "pk": "r1pjk1jw728r4u9r0uadsj9r0imzwcd6", "fields": {"session_data": ".eJxVjDsOwjAQBe_iGlle_F1K-pzB8tobHECOFCcV4u4QKQW0b2beS8S0rTVunZc4FXERIE6_G6X84LaDck_tNss8t3WZSO6KPGiXw1z4eT3cv4Oaev3WhN6SZp8tKkvMY0YLZ4XaGTNCNoiBvEZFxWrDCYpRmIENOgeBfRDvD9YPNzE:1nDkUd:c-qfyMIgkl231k564Ijz8VzfHKBaq6E4HgM_3ra6RA8", "expire_date": "2022-02-12T09:58:03.067Z"}}, {"model": "home.general", "pk": 1, "fields": {"main_image": "d7392ac34cede49d2db2c5174a370945a2976a7a_Screenshot_4.jpg", "main_image_url": "/"}}, {"model": "home.client", "pk": 1, "fields": {"image": "partners1.png", "name": "1"}}, {"model": "home.client", "pk": 2, "fields": {"image": "partners2.png", "name": "2"}}, {"model": "home.client", "pk": 3, "fields": {"image": "partners3.png", "name": "3"}}, {"model": "home.client", "pk": 4, "fields": {"image": "partners4.png", "name": "4"}}, {"model": "home.client", "pk": 5, "fields": {"image": "partners5.png", "name": "5"}}, {"model": "home.social", "pk": 1, "fields": {"icon": "facebook_lOndm5T.png", "url": "https://www.facebook.com/fotooboibaku/", "name": "facebook"}}, {"model": "home.social", "pk": 2, "fields": {"icon": "instagram.png", "url": "https://www.instagram.com/fotooboibaku/", "name": "instagram"}}, {"model": "home.social", "pk": 3, "fields": {"icon": "whatsapp_1.png", "url": "\"https://wa.link/atc0qj", "name": "whatsapp"}}, {"model": "home.social", "pk": 4, "fields": {"icon": "tiktok.png", "url": "https://www.tiktok.com/@fotooboibaku_official", "name": "tiktok"}}, {"model": "home.order", "pk": 1, "fields": {"productcode": "28753", "product": "234", "telefon": "2345"}}, {"model": "home.order", "pk": 2, "fields": {"productcode": "28753", "product": "234", "telefon": "345"}}, {"model": "home.order", "pk": 3, "fields": {"productcode": "28753", "product": "234", "telefon": "345"}}, {"model": "home.order", "pk": 4, "fields": {"productcode": "28753", "product": "234", "telefon": "456"}}, {"model": "home.order", "pk": 5, "fields": {"productcode": "1", "product": "Mənzərəli freska", "telefon": "23456"}}, {"model": "home.contact", "pk": 1, "fields": {"name": "Elvin", "phone": "32456", "text": "dfggdd"}}, {"model": "home.contact", "pk": 2, "fields": {"name": "Elvin", "phone": "43567", "text": "345re"}}, {"model": "product.category", "pk": 1, "fields": {"icon": "fotooboy.png", "icon_class": "oboi", "image": "1212.png", "name": "WALLPAPER AND FRESCA", "name_en": "WALLPAPER AND FRESCA", "name_az": "FOTOOBOY VE FRESKA", "name_ru": "Фотообои"}}, {"model": "product.category", "pk": 2, "fields": {"icon": "download.png", "icon_class": "freski", "image": "14982_310x250_6a0_2ON9XNj.jpg", "name": "Posters", "name_en": "Posters", "name_az": "TABLO VƏ ÇƏRÇİVƏLƏR", "name_ru": "Картины и постеры"}}, {"model": "product.category", "pk": 3, "fields": {"icon": "download_1.png", "icon_class": "poster", "image": "14958_310x250_6a0_2pF01yA.jpg", "name": "You Own Poster", "name_en": "You Own Poster", "name_az": "ÖZ ŞƏKİLİNİZ İLƏ TABLO", "name_ru": "Фото на холсте"}}, {"model": "product.category", "pk": 4, "fields": {"icon": "download_1_u345jRn.png", "icon_class": "photo", "image": "14412_310x250_ae7_592xVLq.png", "name": "SKİNALI", "name_en": "SKİNALI", "name_az": "SKİNALİ", "name_ru": "СКИНАЛИ"}}, {"model": "product.category", "pk": 5, "fields": {"icon": "download_hBIldep.png", "icon_class": "curtains", "image": "08890_310x250_6a0_R8W5PTF.jpg", "name": "Decor for Home", "name_en": "Decor for Home", "name_az": "EV ÜÇÜN DEKOR", "name_ru": "ДЕКОР ДЛЯ ДОМА"}}, {"model": "product.category", "pk": 6, "fields": {"icon": "download_1_QodXbdH.png", "icon_class": "pillow", "image": "01618_310x250_6a0_1VtZlXU.jpg", "name": "Exclusive Handmade", "name_en": "Exclusive Handmade", "name_az": "EXCLUSİVE ƏL İŞLƏRİ", "name_ru": "Эксклюзив"}}, {"model": "product.subcategory", "pk": 1, "fields": {"icon": "skyline_bU4rToJ.png", "image": "skyline.png", "name": "Cities", "name_en": "Cities", "name_az": "Şəhərlər", "name_ru": "Города"}}, {"model": "product.subcategory", "pk": 2, "fields": {"icon": "star_1_d5fN2yG.png", "image": "star_1.png", "name": "Exclusive", "name_en": "Exclusive", "name_az": "Eksklüziv", "name_ru": "Эксклюзивный"}}, {"model": "product.subcategory", "pk": 3, "fields": {"icon": "globe_LYfRdw1.png", "image": "globe.png", "name": "For Kids", "name_en": "For Kids", "name_az": "Uşaqlar Üçün", "name_ru": "Для детей"}}, {"model": "product.subcategory", "pk": 4, "fields": {"icon": "window_ezSZzyj.png", "image": "window.png", "name": "Windows", "name_en": "Windows", "name_az": "Pəncərə, Balkon", "name_ru": "Окно, Балкон"}}, {"model": "product.subcategory", "pk": 5, "fields": {"icon": "flower_j0jgstC.png", "image": "flower.png", "name": "Flowers", "name_en": "Flowers", "name_az": "Gül və yarpaq", "name_ru": "Цветы и листья"}}, {"model": "product.subcategory", "pk": 6, "fields": {"icon": "sea_AQvPm51.png", "image": "sea.png", "name": "Sea", "name_en": "Sea", "name_az": "Dəniz", "name_ru": "Море"}}, {"model": "product.color", "pk": 1, "fields": {"name": "Ağ", "color_code": "FFFFFF"}}, {"model": "product.color", "pk": 2, "fields": {"name": "Qara", "color_code": "000000"}}, {"model": "product.color", "pk": 3, "fields": {"name": "Yaşıl", "color_code": "008000"}}, {"model": "product.color", "pk": 4, "fields": {"name": "Qırmızı", "color_code": "ff0000"}}, {"model": "product.color", "pk": 5, "fields": {"name": "Çəhrayı", "color_code": "ed5fde"}}, {"model": "product.color", "pk": 6, "fields": {"name": "Mavi", "color_code": "1a9de1"}}, {"model": "product.color", "pk": 7, "fields": {"name": "Sarı", "color_code": "f7d90d"}}, {"model": "product.color", "pk": 8, "fields": {"name": "Şabalıdı", "color_code": "89442c"}}, {"model": "product.color", "pk": 9, "fields": {"name": "Portağal", "color_code": "fc7242"}}, {"model": "product.room", "pk": 1, "fields": {"name": "For Office", "name_en": "For Office", "name_az": "Ofis Üçün", "name_ru": "Для офиса", "icon": "workspace.png"}}, {"model": "product.room", "pk": 2, "fields": {"name": "Bedroom", "name_en": "Bedroom", "name_az": "Yataq Otağı", "name_ru": "Спальня", "icon": "bedroom.png"}}, {"model": "product.room", "pk": 3, "fields": {"name": "Kitchen", "name_en": "Kitchen", "name_az": "Mətbəx", "name_ru": "Кухня", "icon": "kitchen-set.png"}}, {"model": "product.room", "pk": 4, "fields": {"name": "Guest Room", "name_en": "Guest Room", "name_az": "Qonaq Otağı", "name_ru": "Гостиная", "icon": "sofa.png"}}, {"model": "product.room", "pk": 5, "fields": {"name": "Kids Room", "name_en": "Kids Room", "name_az": "Uşaq Otağı", "name_ru": "Детская комната", "icon": "crib.png"}}, {"model": "product.room", "pk": 6, "fields": {"name": "Coridor", "name_en": "Coridor", "name_az": "Koridor", "name_ru": "Коридор", "icon": "changing-room.png"}}, {"model": "product.room", "pk": 7, "fields": {"name": "For tourizm agencies", "name_en": "For tourizm agencies", "name_az": "Turizm agentlikləri üçün", "name_ru": "Для туристических агенств", "icon": "travel-agency.png"}}, {"model": "product.room", "pk": 8, "fields": {"name": "For boutique stores", "name_en": "For boutique stores", "name_az": "Butik mağazalar üçün", "name_ru": "Для магазинов бутиков", "icon": "boutique.png"}}, {"model": "product.room", "pk": 9, "fields": {"name": "For beauty salon", "name_en": "For beauty salon", "name_az": "Gözəllik salonları üçün", "name_ru": "Для салонов красоты", "icon": "women.png"}}, {"model": "product.room", "pk": 10, "fields": {"name": "For coffeshops and restaurants", "name_en": "For coffeshops and restaurants", "name_az": "Kafe restoranlar üçün", "name_ru": "Для кафе ресторанов", "icon": "restaurant.png"}}, {"model": "product.room", "pk": 11, "fields": {"name": "For bathroom", "name_en": "For bathroom", "name_az": "Vanna otağı üçün", "name_ru": "Ванная комната", "icon": "bath.png"}}, {"model": "product.room", "pk": 12, "fields": {"name": "Ceiling", "name_en": "Ceiling", "name_az": "Tavan", "name_ru": "Потолок", "icon": "ceiling-lamp.png"}}, {"model": "product.product", "pk": 1, "fields": {"main_category": 1, "sub_category": 1, "room": null, "color": null, "name": "Product 1", "name_en": "Product 1", "name_az": "Product 1", "name_ru": "Product 1", "code": "1", "price": 180.0, "is_featured": false, "is_new": false, "discount_price": 160.0, "order_count": 12}}, {"model": "product.product", "pk": 2, "fields": {"main_category": 1, "sub_category": null, "room": null, "color": null, "name": "Product 2", "name_en": "Product 2", "name_az": "Product 2", "name_ru": "Product 2", "code": "1", "price": 180.0, "is_featured": true, "is_new": false, "discount_price": null, "order_count": 54}}, {"model": "product.product", "pk": 3, "fields": {"main_category": 1, "sub_category": 1, "room": 1, "color": 2, "name": "Product 3", "name_en": "Product 3", "name_az": "Product 3", "name_ru": "Product 3", "code": "1", "price": 180.0, "is_featured": true, "is_new": false, "discount_price": null, "order_count": 43}}, {"model": "product.product", "pk": 4, "fields": {"main_category": 1, "sub_category": 3, "room": 3, "color": 4, "name": "Product 4", "name_en": "Product 4", "name_az": "Product 4", "name_ru": "Product 4", "code": "1", "price": 180.0, "is_featured": true, "is_new": false, "discount_price": null, "order_count": 61}}, {"model": "product.product", "pk": 5, "fields": {"main_category": 1, "sub_category": 4, "room": 2, "color": 3, "name": "Product 5", "name_en": "Product 5", "name_az": "Product 5", "name_ru": "Product 5", "code": "1", "price": 180.0, "is_featured": true, "is_new": false, "discount_price": null, "order_count": 15}}, {"model": "product.product", "pk": 6, "fields": {"main_category": 1, "sub_category": 5, "room": 1, "color": 1, "name": "Product 6", "name_en": "Product 6", "name_az": "Product 6", "name_ru": "Product 6", "code": "1", "price": 180.0, "is_featured": true, "is_new": false, "discount_price": null, "order_count": 34}}, {"model": "product.product", "pk": 7, "fields": {"main_category": 1, "sub_category": 4, "room": 4, "color": 2, "name": "Product 7", "name_en": "Product 7", "name_az": "Product 7", "name_ru": "Product 7", "code": "1", "price": 180.0, "is_featured": true, "is_new": false, "discount_price": null, "order_count": 56}}, {"model": "product.product", "pk": 8, "fields": {"main_category": 1, "sub_category": 6, "room": 4, "color": 3, "name": "Product 8", "name_en": "Product 8", "name_az": "Product 8", "name_ru": "Product 8", "code": "1", "price": 180.0, "is_featured": true, "is_new": false, "discount_price": null, "order_count": 45}}, {"model": "product.product", "pk": 9, "fields": {"main_category": 1, "sub_category": 1, "room": 5, "color": 5, "name": "Product 9", "name_en": "Product 9", "name_az": "Product 9", "name_ru": "Product 9", "code": "1", "price": 50.0, "is_featured": false, "is_new": false, "discount_price": null, "order_count": 15}}, {"model": "product.product", "pk": 10, "fields": {"main_category": 1, "sub_category": 2, "room": 5, "color": 3, "name": "Product 10", "name_en": "Product 10", "name_az": "Product 10", "name_ru": "Product 10", "code": "1", "price": 100.0, "is_featured": false, "is_new": false, "discount_price": null, "order_count": 12}}, {"model": "product.productimage", "pk": 2, "fields": {"image": "3darc7.jpg", "is_main": false, "product": 2}}, {"model": "product.productimage", "pk": 12, "fields": {"image": "3dcrd4_2.png", "is_main": false, "product": 9}}, {"model": "product.productimage", "pk": 13, "fields": {"image": "3dcrd4_2_1.png", "is_main": false, "product": 8}}, {"model": "product.productimage", "pk": 14, "fields": {"image": "3dcrd4_2_2.png", "is_main": false, "product": 7}}, {"model": "product.productimage", "pk": 15, "fields": {"image": "3dcrd4_2_3.png", "is_main": false, "product": 6}}, {"model": "product.productimage", "pk": 16, "fields": {"image": "3dcrd4_2_4.png", "is_main": false, "product": 5}}, {"model": "product.productimage", "pk": 17, "fields": {"image": "3dcrd4_2_5.png", "is_main": false, "product": 4}}, {"model": "product.productimage", "pk": 18, "fields": {"image": "3dcrd4_2_6.png", "is_main": false, "product": 3}}, {"model": "product.productimage", "pk": 19, "fields": {"image": "frs5_1.png", "is_main": false, "product": 1}}, {"model": "product.productimage", "pk": 20, "fields": {"image": "3dbal5_s17qEUo.png", "is_main": false, "product": 10}}, {"model": "product.interier", "pk": 1, "fields": {"image": "photostena_product_card_interiors_3_1.png", "name": "1"}}, {"model": "product.interier", "pk": 2, "fields": {"image": "photostena_product_card_interiors_3_2.png", "name": "2"}}, {"model": "product.interier", "pk": 3, "fields": {"image": "photostena_product_card_interiors_3_4.png", "name": "3"}}, {"model": "product.interier", "pk": 4, "fields": {"image": "photostena_product_card_interiors_3_5.png", "name": "4"}}, {"model": "product.interier", "pk": 5, "fields": {"image": "photostena_product_card_interiors_3_6.png", "name": "5"}}, {"model": "product.interier", "pk": 6, "fields": {"image": "photostena_product_card_interiors_3_7.png", "name": "6"}}, {"model": "product.interier", "pk": 8, "fields": {"image": "photostena_product_card_interiors_3_8_1_1.png", "name": "7"}}, {"model": "product.material", "pk": 1, "fields": {"name": "Kətan", "price": 50.0, "texture_image": "tab_2_material_1.png", "youtube_url": null, "material_image": "", "idd": "mat1", "iddd": "mat-1"}}, {"model": "product.material", "pk": 2, "fields": {"name": "Kağız", "price": 30.0, "texture_image": "tab_1_material_3.png", "youtube_url": null, "material_image": "", "idd": "mat2", "iddd": "mat-2"}}]